/base-documentaire/medecine/la-rage-est-une-maladie,/articles/la-rage-est-une-maladie
/base-documentaire/01-avertissement,/articles/01-avertissement
/base-documentaire/01-module-drepanocytose-formation-infirmier,/articles/01-module-drepanocytose-formation-infirmier
/base-documentaire/01-module-eau-et-sante,/articles/01-module-eau-et-sante
/base-documentaire/01-module-sida-deroulement,/articles/01-module-sida-deroulement
/base-documentaire/02-pre-formation-leau-et-la-sante,/articles/02-pre-formation-l-eau-et-la-sante
/base-documentaire/02-pre-tests-drepanocytose,/articles/02-pre-tests-drepanocytose
/base-documentaire/sante-publique-prevention/03-information-et-prevention,/articles/03-information-et-prevention
/base-documentaire/03-post-tests-module-drepanocytose,/articles/03-post-tests-module-drepanocytose
/base-documentaire/10-trucs-savoir-sur-le-preservatif-feminin,/articles/10-trucs-a-savoir-sur-le-preservatif-feminin
/base-documentaire/medecine/abces-du-foie,/articles/abces-du-foie
/base-documentaire/education-sanitaire/accidents-dexposition-au-sang-aes,/articles/accidents-d-exposition-au-sang-aes
/base-documentaire/accompagnement-des-personnes-seronegatives-pour-vih,/articles/accompagnement-des-personnes-seronegatives-pour-vih
/base-documentaire/education-sanitaire/accueil-du-malade,/articles/accueil-du-malade
/base-documentaire/traitements-vaccins/aciclovir,/articles/aciclovir
/base-documentaire/education-sanitaire/action-des-infirmierseres-dans-la-lutte-contre-le-paludisme,/articles/action-des-infirmiers-eres-dans-la-lutte-contre-le-paludisme
/actualites/activite-physique-et-pollution,/actualites/activite-physique-et-pollution
/base-documentaire/sante-publique-prevention/activites-de-prise-en-charge-psycho-sociale-des-enfants-,/articles/activites-de-prise-en-charge-psycho-sociale-des-enfants-vivant-avec-le-vih-sida
/base-documentaire/sante-publique-prevention/actualites-du-cholera-laube-du-3e-millenaire,/articles/actualites-du-cholera-a-l-aube-du-3e-millenaire
/base-documentaire/medecine/adaptation-des-recommandations-pour-la-prise-en-charge-du-diabete-au-mali,/articles/adaptation-des-recommandations-pour-la-prise-en-charge-du-diabete-au-mali
/base-documentaire/chirurgie/adenome-de-la-prostate,/articles/adenome-de-la-prostate
/base-documentaire/education-sanitaire/aide-lobservance-des-traitements-arv-et-soutien-aux-patients,/articles/aide-a-l-observance-des-traitements-arv-et-soutien-aux-patients
/base-documentaire/pediatrie/aide-lorganisation-dun-reseau-perinatal-en-cote-divoire-temoignage,/articles/aide-a-l-organisation-d-un-reseau-perinatal-en-cote-d-ivoire-temoignage
/base-documentaire/aide-memoire-depistage-et-conseil-pour-la-ptme,/articles/aide-memoire-depistage-et-conseil-pour-la-ptme
/base-documentaire/education-sanitaire/aider-lenfant-handicape-moteur,/articles/aider-l-enfant-handicape-moteur
/base-documentaire/traitements-vaccins/albendazole,/articles/albendazole
/actualites/alerte-virus-ebola,/actualites/alerte-virus-ebola
/base-documentaire/medecine/algorithme-candidose-buccale-et-vih,/articles/algorithme-candidose-buccale-et-vih
/base-documentaire/medecine/algorithme-cephalees-et-vih,/articles/algorithme-cephalees-et-vih
/base-documentaire/medecine/algorithme-diarrhee-et-vih,/articles/algorithme-diarrhee-et-vih
/base-documentaire/medecine/algorithme-fievre-et-vih,/articles/algorithme-fievre-et-vih
/base-documentaire/medecine/algorithme-ganglions-lymphadenopathie-et-vih,/articles/algorithme-ganglions-lymphadenopathie-et-vih
/base-documentaire/medecine/algorithme-lesions-cutanees-et-vih,/articles/algorithme-lesions-cutanees-et-vih
/base-documentaire/medecine/algorithme-manifestations-respiratoires,/articles/algorithme-manifestations-respiratoires
/base-documentaire/medecine/algorithme-nausees-vomissements-et-vih,/articles/algorithme-nausees-vomissements-et-vih
/base-documentaire/traitements-vaccins/algorithmes-ist,/articles/algorithmes-ist
/base-documentaire/medecine/alimentation-et-sida,/articles/alimentation-et-sida
/base-documentaire/pediatrie/allaitement-maternel,/articles/allaitement-maternel
/base-documentaire/pediatrie/allaitement-maternel,/articles/allaitement-maternel-caracteristiques-et-avantages
/base-documentaire/pediatrie/amoebose-chez-lenfant,/articles/amoebose-chez-l-enfant
/base-documentaire/anesthesie-reanimation/anesthesie-la-ketamine,/articles/anesthesie-a-la-ketamine
/base-documentaire/pediatrie/anguillulose-chez-lenfant,/articles/anguillulose-chez-l-enfant
/base-documentaire/pediatrie/ankylostomose-chez-lenfant-0,/articles/ankylostomose-chez-l-enfant
/base-documentaire/education-sanitaire/annonce-du-diagnostic-dinfection-par-le-vihsida-chez-lenfant-u,/articles/annonce-du-diagnostic-d-infection-par-le-vih-sida-chez-l-enfant-un-enjeu-majeur-de-l-education-therapeutique
/base-documentaire/pediatrie/antalgique-chez-lenfant,/articles/antalgique-chez-l-enfant
/base-documentaire/traitements-vaccins/antibiotiques-modes-daction-mecanismes-de-la-resistance,/articles/antibiotiques-modes-d-action-mecanismes-de-la-resistance
/base-documentaire/education-sanitaire/antisepsie-et-desinfection,/articles/antisepsie-et-desinfection
/base-documentaire/traitements-vaccins/antituberculeux-interactions-medicamenteuses,/articles/antituberculeux-interactions-medicamenteuses
/base-documentaire/traitements-vaccins/antituberculeux-et-antiretroviraux,/articles/antituberculeux-et-antiretroviraux
/base-documentaire/chirurgie/appendicite-aigue,/articles/appendicite-aigue
/base-documentaire/education-sanitaire/appui-lobservance-therapeutique-des-patients-sous-arv-lexperie,/articles/appui-a-l-observance-therapeutique-des-patients-sous-arv-l-experience-du-cesac-de-bamako-au-mali
/base-documentaire/urgences/arret-cardio-respiratoire,/articles/arret-cardio-respiratoire
/base-documentaire/urgences/arret-cardio-respiratoire-chez-lenfant-et-ladulte,/articles/arret-cardio-respiratoire-chez-l-enfant-et-l-adulte
/base-documentaire/pediatrie/ascaridiose-chez-lenfant,/articles/ascaridiose-chez-l-enfant
/base-documentaire/chirurgie/aspects-chirurgicaux-de-la-drepanocytose,/articles/aspects-chirurgicaux-de-la-drepanocytose
/base-documentaire/medecine/asthme-de-ladulte,/articles/asthme-de-l-adulte
/base-documentaire/medecine/attitude-pratique-devant-des-douleurs-abdominales-dorigine-gastrique-ou-o,/articles/attitude-pratique-devant-des-douleurs-abdominales-d-origine-gastrique-ou-oesophagienne
/base-documentaire/baisse-de-la-mortalite-en-afrique-et-acces-aux-arv,/articles/baisse-de-la-mortalite-en-afrique-et-acces-aux-arv
/base-documentaire/sante-publique-prevention/baisse-de-la-seroprevalence-lusaka-chez-les-femmes-encei,/articles/baisse-de-la-seroprevalence-a-lusaka-chez-les-femmes-enceintes
/base-documentaire/sante-publique-prevention/barrages-et-sante,/articles/barrages-et-sante
/base-documentaire/sante-publique-prevention/bilan-dune-campagne-de-vaccination-de-masse-contre-la-po,/articles/bilan-d-une-campagne-de-vaccination-de-masse-contre-la-poliomyelite-dans-une-zone-de-sante-rurale-d-un-pays-en-developpement
/base-documentaire/education-sanitaire/bilan-du-programme-deducation-therapeutique-lhopital-calmette-,/articles/bilan-du-programme-d-education-therapeutique-a-l-hopital-calmette-apres-trois-ans-de-suivi-et-evaluation-de-son-impact-sur-l-observance
/base-documentaire/anesthesie-reanimation/bilan-pre-operatoire-lhopital-calmette-de-phnom-penh,/articles/bilan-pre-operatoire-a-l-hopital-calmette-de-phnom-penh
/base-documentaire/examens-complementaires/biologie-des-hepatites,/articles/biologie-des-hepatites
/base-documentaire/actes-techniques/biopsie-cutanee-exsangue-bce,/articles/biopsie-cutanee-exsangue-bce
/base-documentaire/anesthesie-reanimation/blocs-tronculaires-peripheriques-du-membre-superieur-et-chi,/articles/blocs-tronculaires-peripheriques-du-membre-superieur-et-chirurgie-de-la-main
/base-documentaire/medecine/borrelioses,/articles/borrelioses
/base-documentaire/examens-complementaires/c-reactiv-protein-crp-ou-comment-mieux-prescrire-les-antib,/articles/c-reactiv-protein-crp-ou-comment-mieux-prescrire-les-antibiotiques
/base-documentaire/chirurgie/calculs-de-la-vessie,/articles/calculs-de-la-vessie
/actualites/campagne-de-vaccination-menafrivac,/actualites/campagne-de-vaccination-menafrivac
/base-documentaire/gynecologie-obstetrique/cancer-du-col-de-luterus,/articles/cancer-du-col-de-l-uterus
/actualites/cancer-du-col-de-luterus,/actualites/cancer-du-col-de-l-uterus
/base-documentaire/pediatrie/carence-en-fer-chez-lenfant,/articles/carence-en-fer-chez-l-enfant
/base-documentaire/examens-complementaires/cas-clinico-biologiques-dinterpretation-des-marqueurs-de-l,/articles/cas-clinico-biologiques-d-interpretation-des-marqueurs-de-l-hepatite-b
/base-documentaire/education-sanitaire/cas-particulier-des-antiretroviraux-arv-des-medicaments-contre,/articles/cas-particulier-des-antiretroviraux-arv-des-medicaments-contre-le-vih-sida-des-antituberculeux-et-des-traitements-contre-les-maladies-chroniques
/actualites/cellulite-cervico-faciale,/actualites/cellulite-cervico-faciale
/base-documentaire/sante-publique-prevention/centres-de-traitement-de-la-douleur,/articles/centres-de-traitement-de-la-douleur
/base-documentaire/gynecologie-obstetrique/cesarienne,/articles/cesarienne
/base-documentaire/chirurgie/chirurgie-des-complications-de-la-tuberculose-pulmonaire,/articles/chirurgie-des-complications-de-la-tuberculose-pulmonaire
/base-documentaire/urgences/choc-anaphylactique,/articles/choc-anaphylactique
/base-documentaire/sante-publique-prevention/cholera-epidemiologie-et-principes-de-la-lutte,/articles/cholera-epidemiologie-et-principes-de-la-lutte
/base-documentaire/sante-publique-prevention/circoncision-pour-la-prevention-du-vih,/articles/circoncision-pour-la-prevention-du-vih
/actualites/cirrhose-un-nouveau-test-diagnostique,/actualites/cirrhose-un-nouveau-test-diagnostique
/actualites/cirrhose-hepatique-due-au-vhb,/actualites/cirrhose-hepatique-due-au-vhb
/base-documentaire/medecine/classification-oms-en-stades-cliniques-et-conduite-tenir,/articles/classification-oms-en-stades-cliniques-et-conduite-a-tenir
/base-documentaire/medecine/clinique-du-diabete-de-type-2,/articles/clinique-du-diabete-de-type-2
/base-documentaire/co-infection-vih-et-herpes-hsv2,/articles/co-infection-vih-et-herpes-hsv2
/base-documentaire/medecine/co-infection-vih-et-hepatite-b,/articles/co-infection-vih-et-hepatite-b
/base-documentaire/examens-complementaires/colorations-usuelles-en-bacteriologie,/articles/colorations-usuelles-en-bacteriologie
/base-documentaire/medecine/comment-evoquer-une-lepre-en-2014,/articles/comment-evoquer-une-lepre-en-2014
/base-documentaire/medecine/comment-faire-un-examen-neurologique,/articles/comment-faire-un-examen-neurologique
/base-documentaire/sante-publique-prevention/comment-mieux-comprendre-et-gerer-les-signalements-de-fi,/articles/comment-mieux-comprendre-et-gerer-les-signalements-de-filles-a-risque-de-mutilations-sexuelles-feminines-en-belgique-presentation-des-resultats-d-une-recherche-action
/base-documentaire/education-sanitaire/comment-preparer-la-bouillie,/articles/comment-preparer-la-bouillie
/base-documentaire/education-sanitaire/comment-preparer-la-bouillie-deuxieme-partie,/articles/comment-preparer-la-bouillie-deuxieme-partie
/base-documentaire/actes-techniques/comment-produire-des-collyres-en-milieu-rural,/articles/comment-produire-des-collyres-en-milieu-rural
/base-documentaire/sante-publique-prevention/comment-rendre-une-eau-potable,/articles/comment-rendre-une-eau-potable
/base-documentaire/sante-publique-prevention/comment-se-proteger-dun-coup-de-foudre,/articles/comment-se-proteger-d-un-coup-de-foudre
/base-documentaire/sante-publique-prevention/communication-pour-la-vaccination,/articles/communication-pour-la-vaccination
/base-documentaire/ophtalmo-orl-stomato/complications-des-otites-moyennes-aigues-purulentes,/articles/complications-des-otites-moyennes-aigues-purulentes
/base-documentaire/gynecologie-obstetrique/complications-du-post-partum,/articles/complications-du-post-partum
/base-documentaire/gynecologie-obstetrique/complications-medicales-obstetricales-et-psychologiques-de,/articles/complications-medicales-obstetricales-et-psychologiques-des-mutilations-sexuelles-feminines
/base-documentaire/comportement-des-meres-africaines-face-la-prescription-de-medicaments-aux-enfants-,/articles/comportement-des-meres-africaines-face-a-la-prescription-de-medicaments-aux-enfants-malades
/base-documentaire/compte-rendu-de-latelier-de-garoua-au-cameroun,/articles/compte-rendu-de-l-atelier-de-garoua-au-cameroun
/base-documentaire/education-sanitaire/conditions-pour-quune-consultation-dobservance-soit-plus-educa,/articles/conditions-pour-qu-une-consultation-d-observance-soit-plus-educative
/base-documentaire/medecine/conduite-tenir-devant-des-oedemes-des-membres-inferieurs-chez-ladulte-dia,/articles/conduite-a-tenir-devant-des-oedemes-des-membres-inferieurs-chez-l-adulte-diagnostic-etiologique
/base-documentaire/ophtalmo-orl-stomato/conduite-tenir-devant-la-douleur-en-odontostomatologie,/articles/conduite-a-tenir-devant-la-douleur-en-odontostomatologie
/base-documentaire/urgences/conduite-tenir-devant-un-blesse-victime-dun-accident-de-la-voie-publique,/articles/conduite-a-tenir-devant-un-blesse-victime-d-un-accident-de-la-voie-publique
/base-documentaire/urgences/conduite-tenir-devant-un-choc-septique,/articles/conduite-a-tenir-devant-un-choc-septique
/base-documentaire/ophtalmo-orl-stomato/conduite-tenir-devant-un-oeil-rouge-non-traumatique-en-zone-s,/articles/conduite-a-tenir-devant-un-oeil-rouge-non-traumatique-en-zone-sahelienne
/base-documentaire/ophtalmo-orl-stomato/conduite-tenir-devant-un-oeil-rouge-pour-linfirmier-non-ophta,/articles/conduite-a-tenir-devant-un-oeil-rouge-pour-l-infirmier-non-ophtalmologiste
/base-documentaire/medecine/conduite-tenir-devant-un-prurit-en-dix-points,/articles/conduite-a-tenir-devant-un-prurit-en-dix-points
/base-documentaire/pediatrie/conduite-tenir-devant-une-fievre,/articles/conduite-a-tenir-devant-une-fievre
/base-documentaire/chirurgie/conduite-tenir-devant-une-fievre-post-operatoire,/articles/conduite-a-tenir-devant-une-fievre-post-operatoire
/base-documentaire/ophtalmo-orl-stomato/conduite-tenir-devant-une-hemorragie-dentaire,/articles/conduite-a-tenir-devant-une-hemorragie-dentaire
/base-documentaire/pediatrie/conduite-tenir-devant-une-infection-chez-lenfant-drepanocytaire,/articles/conduite-a-tenir-devant-une-infection-chez-l-enfant-drepanocytaire
/base-documentaire/urgences/conduite-tenir-devant-une-intoxication-aigue-medicamenteuse-chez-lenfant,/articles/conduite-a-tenir-devant-une-intoxication-aigue-medicamenteuse-chez-l-enfant
/base-documentaire/pediatrie/conduite-tenir-devant-une-polypnee-febrile-de-lenfant,/articles/conduite-a-tenir-devant-une-polypnee-febrile-de-l-enfant
/base-documentaire/medecine/conduite-tenir-devant-une-proteinurie,/articles/conduite-a-tenir-devant-une-proteinurie
/base-documentaire/medecine/conduite-tenir-devant-une-toux,/articles/conduite-a-tenir-devant-une-toux
/base-documentaire/urgences/conduite-tenir-devant-une-urgence-epidemique-fievre-jaune-meningite-epide,/articles/conduite-a-tenir-devant-une-urgence-epidemique-fievre-jaune-meningite-epidemique-cholera
/base-documentaire/urgences/conduite-tenir-en-situation-d’urgence-au-moment-de-la-naissance,/articles/conduite-a-tenir-en-situation-d-urgence-au-moment-de-la-naissance
/base-documentaire/pediatrie/conduite-de-l’allaitement-maternel,/articles/conduite-de-l-allaitement-maternel
/base-documentaire/sante-publique-prevention/conference-internationale-des-acteurs-de-lutte-contre-le,/articles/conference-internationale-des-acteurs-de-lutte-contre-les-hepatites-en-afrique-francophone-appel-de-dakar
/base-documentaire/medecine/conseils-aux-asthmatiques,/articles/conseils-aux-asthmatiques
/base-documentaire/education-sanitaire/conservation-des-vaccins-chaine-du-froid,/articles/conservation-des-vaccins-chaine-du-froid
/base-documentaire/sante-publique-prevention/contexte-socioculturel-et-problematique-de-la-prevention,/articles/contexte-socioculturel-et-problematique-de-la-prevention-du-sida-en-afrique
/actualites/contre-la-surconsommation-dalcool,/actualites/contre-la-surconsommation-d-alcool
/actualites/contre-les-bk-multiresistants,/actualites/contre-les-bk-multiresistants
/base-documentaire/traitements-vaccins/contre–indications-des-vaccinations,/articles/contre-indications-des-vaccinations
/actualites/controle-de-la-glycemie-au-doigt,/actualites/controle-de-la-glycemie-au-doigt
/base-documentaire/pediatrie/convulsions-du-nourrisson,/articles/convulsions-du-nourrisson
/base-documentaire/urgences/corps-etrangers-des-voies-aeriennes-chez-lenfant,/articles/corps-etrangers-des-voies-aeriennes-chez-l-enfant
/base-documentaire/corticoides,/articles/corticoides
/actualites/cosleeping-attention,/actualites/cosleeping-attention
/base-documentaire/urgences/coup-de-chaleur-et-hyperthermie-maligne-deffort,/articles/coup-de-chaleur-et-hyperthermie-maligne-d-effort
/actualites/courbes-de-croissance,/actualites/courbes-de-croissance
/base-documentaire/urgences/crise-dasthme-de-lenfant,/articles/crise-d-asthme-de-l-enfant
/base-documentaire/pediatrie/criteres-de-gravite-dun-acces-pernicieux-chez-lenfant,/articles/criteres-de-gravite-d-un-acces-pernicieux-chez-l-enfant
/actualites/crp-minute,/actualites/crp-minute
/actualites/de-bonnes-nouvelles-pour-une-fois,/actualites/de-bonnes-nouvelles-pour-une-fois
/base-documentaire/actes-techniques/de-lusage-de-la-boite-de-chirurgie-courante,/articles/de-l-usage-de-la-boite-de-chirurgie-courante
/base-documentaire/education-sanitaire/decentralisation-des-activites-deducation-therapeutique-lexper,/articles/decentralisation-des-activites-d-education-therapeutique-l-experience-de-la-clinique-louis-pasteur-a-porte-novo-benin
/base-documentaire/sante-publique-prevention/decentralisation-des-soins-du-diabete-au-mali,/articles/decentralisation-des-soins-du-diabete-au-mali
/base-documentaire/defense-et-immunite-anti-infectieuse,/articles/defense-et-immunite-anti-infectieuse
/base-documentaire/defense-et-immunite-anti-infectieuses,/articles/defense-et-immunite-anti-infectieuses
/base-documentaire/sante-publique-prevention/depistage-de-la-tuberculose-en-france-chez-les-sujets-ri,/articles/depistage-de-la-tuberculose-en-france-chez-les-sujets-a-risque-de-tuberculose
/actualites/depistage-du-vih-l’accouchement,/actualites/depistage-du-vih-a-l-accouchement
/actualites/depistage-du-vih-par-autotest,/actualites/depistage-du-vih-par-autotest
/base-documentaire/dernieres-nouvelles-de-la-croi-2008,/articles/dernieres-nouvelles-de-la-croi-2008
/base-documentaire/examens-complementaires/des-examens-biologiques-pourquoi,/articles/des-examens-biologiques-pourquoi
/base-documentaire/education-sanitaire/des-outils-pour-leducation-therapeutique-des-patients-vivant-a,/articles/des-outils-pour-l-education-therapeutique-des-patients-vivant-avec-le-vih
/base-documentaire/destruction-des-piquants-et-coupants,/articles/destruction-des-piquants-et-coupants
/base-documentaire/sante-publique-prevention/detection-et-controle-des-epidemies-de-meningite-meningo,/articles/detection-et-controle-des-epidemies-de-meningite-a-meningocoque-mcs
/base-documentaire/medecine/diabete,/articles/diabete
/actualites/diabete,/actualites/diabete
/base-documentaire/examens-complementaires/diagnostic-biologique-de-lhydatidose,/articles/diagnostic-biologique-de-l-hydatidose
/base-documentaire/examens-complementaires/diagnostic-biologique-de-la-tuberculose,/articles/diagnostic-biologique-de-la-tuberculose
/base-documentaire/examens-complementaires/diagnostic-biologique-des-microfilaires-sanguicoles-africa,/articles/diagnostic-biologique-des-microfilaires-sanguicoles-africaines
/base-documentaire/examens-complementaires/diagnostic-dune-anemie-ferriprive,/articles/diagnostic-d-une-anemie-ferriprive
/base-documentaire/chirurgie/diagnostic-dune-grosse-bourse,/articles/diagnostic-d-une-grosse-bourse
/base-documentaire/medecine/diagnostic-des-cestodes,/articles/diagnostic-des-cestodes
/base-documentaire/examens-complementaires/diagnostic-des-infections-gonocoque,/articles/diagnostic-des-infections-a-gonocoque
/base-documentaire/medecine/diagnostic-des-nematodes,/articles/diagnostic-des-nematodes
/base-documentaire/medecine/diagnostic-des-protozooses-intestinales,/articles/diagnostic-des-protozooses-intestinales
/base-documentaire/examens-complementaires/diagnostic-des-schistosomoses,/articles/diagnostic-des-schistosomoses
/base-documentaire/medecine/diagnostic-des-trematodes,/articles/diagnostic-des-trematodes
/base-documentaire/examens-complementaires/diagnostic-du-paludisme,/articles/diagnostic-du-paludisme
/base-documentaire/anesthesie-reanimation/diagnostic-et-traitement-des-etats-de-choc,/articles/diagnostic-et-traitement-des-etats-de-choc
/base-documentaire/examens-complementaires/diagnostic-parasitologique-du-paludisme,/articles/diagnostic-parasitologique-du-paludisme
/base-documentaire/examens-complementaires/diagnostic-serologique-des-infections-vih,/articles/diagnostic-serologique-des-infections-a-vih
/base-documentaire/pediatrie/diarrhees-aigues-de-lenfant,/articles/diarrhees-aigues-de-l-enfant
/base-documentaire/sante-publique-prevention/difficultes-de-lallaitement-maternel,/articles/difficultes-de-l-allaitement-maternel
/base-documentaire/education-sanitaire/difficultes-pour-suivre-le-circuit-de-ptme-ouahigouya-burkina-,/articles/difficultes-pour-suivre-le-circuit-de-ptme-a-ouahigouya-burkina-faso
/actualites/dosage-des-transaminases-au-dispensaire,/actualites/dosage-des-transaminases-au-dispensaire
/base-documentaire/medecine/douleur-chronique,/articles/douleur-chronique
/base-documentaire/medecine/douleur-de-la-drepanocytose,/articles/douleur-de-la-drepanocytose
/base-documentaire/medecine/douleur-du-brule,/articles/douleur-du-brule
/base-documentaire/medecine/douleur-du-cancer,/articles/douleur-du-cancer
/base-documentaire/medecine/douleur-du-sida-adulte,/articles/douleur-du-sida-adulte
/base-documentaire/pediatrie/douleur-du-sida-enfant,/articles/douleur-du-sida-enfant
/base-documentaire/medecine/douleurs-causees-par-les-mines-antipersonnel,/articles/douleurs-causees-par-les-mines-antipersonnel
/base-documentaire/gynecologie-obstetrique/douleurs-chroniques-du-bas-ventre-chez-une-femme,/articles/douleurs-chroniques-du-bas-ventre-chez-une-femme
/base-documentaire/medecine/douleurs-rebelles,/articles/douleurs-rebelles
/base-documentaire/chirurgie/drainage-thoracique,/articles/drainage-thoracique
/base-documentaire/medecine/drepanocytose,/articles/drepanocytose
/base-documentaire/medecine/drepanocytose-prise-en-charge-de-la-douleur,/articles/drepanocytose-prise-en-charge-de-la-douleur
/base-documentaire/traitements-vaccins/drepanocytose-traitement-par-lhydroxyuree,/articles/drepanocytose-traitement-par-l-hydroxyuree
/base-documentaire/medecine/drepanocytose-en-afrique,/articles/drepanocytose-en-afrique
/base-documentaire/traitements-vaccins/du-bon-usage-des-antibiotiques,/articles/du-bon-usage-des-antibiotiques
/base-documentaire/du-bon-usage-du-latex,/articles/du-bon-usage-du-latex
/base-documentaire/pediatrie/dyspnees-obstructives-de-lenfant,/articles/dyspnees-obstructives-de-l-enfant
/base-documentaire/pediatrie/dyspnees-obstructives-de-lenfant-etiologies-diagnostic-et-prise-en-charg,/articles/dyspnees-obstructives-de-l-enfant-etiologies-diagnostic-et-prise-en-charge
/actualites/ebola,/actualites/ebola
/base-documentaire/traitements-vaccins/ecrasement-des-comprimes-quels-risques-quelles-recommandations,/articles/ecrasement-des-comprimes-quels-risques-quelles-recommandations
/base-documentaire/medecine/eczemas,/articles/eczemas
/base-documentaire/education-pour-la-sante-les-infections-respiratoires-ce-quil-faut-savoir,/articles/education-pour-la-sante-les-infections-respiratoires-ce-qu-il-faut-savoir
/base-documentaire/education-sanitaire/education-therapeutique-de-lenfant-vivant-avec-le-vihsid-exper,/articles/education-therapeutique-de-l-enfant-vivant-avec-le-vih-sid-experience-de-la-clinique-trac-rwanda-esther-luxembourg
/base-documentaire/effets-secondaires-des-arv,/articles/effets-secondaires-des-arv
/base-documentaire/education-sanitaire/elaborer-un-programme-de-formation-pour-du-personnel-soignant-,/articles/elaborer-un-programme-de-formation-pour-du-personnel-soignant-non-medecin
/base-documentaire/education-sanitaire/elimination-des-dechets-dans-les-centres-de-sante,/articles/elimination-des-dechets-dans-les-centres-de-sante
/base-documentaire/gynecologie-obstetrique/embryotomie-cephalique,/articles/embryotomie-cephalique
/base-documentaire/education-sanitaire/entretien-des-locaux-de-consultation,/articles/entretien-des-locaux-de-consultation
/base-documentaire/actes-techniques/entretien-du-microscope,/articles/entretien-du-microscope
/base-documentaire/urgences/envenimation-par-les-serpents,/articles/envenimation-par-les-serpents
/base-documentaire/urgences/envenimation-par-scorpions-et-meduses,/articles/envenimation-par-scorpions-et-meduses
/base-documentaire/medecine/epidemie-de-grippe-ah1n1-chez-les-personnes-vivant-avec-le-vih,/articles/epidemie-de-grippe-a-h1n1-chez-les-personnes-vivant-avec-le-vih
/base-documentaire/medecine/epidemiologie-de-lhepatite-c,/articles/epidemiologie-de-l-hepatite-c
/base-documentaire/medecine/epidemiologie-de-linfection-par-le-virus-de-lhepatite-b-en-afrique,/articles/epidemiologie-de-l-infection-par-le-virus-de-l-hepatite-b-en-afrique
/base-documentaire/epidemiologie-du-paludisme-en-afrique-tropicale-et-en-asie-du-sud-est,/articles/epidemiologie-du-paludisme-en-afrique-tropicale-et-en-asie-du-sud-est
/base-documentaire/sante-publique-prevention/epidemiologie-du-paludisme-en-grande-comore-et-mise-en-p,/articles/epidemiologie-du-paludisme-en-grande-comore-et-mise-en-place-d-un-projet-de-lutte
/base-documentaire/sante-publique-prevention/epidemiologie-du-sida-dans-le-monde-en-1996,/articles/epidemiologie-du-sida-dans-le-monde-en-1996
/base-documentaire/sante-publique-prevention/epidemiologie-du-sida-et-de-linfection-par-le-vih-dans-l,/articles/epidemiologie-du-sida-et-de-l-infection-par-le-vih-dans-les-pays-en-developpement
/base-documentaire/gynecologie-obstetrique/episiotomie,/articles/episiotomie
/base-documentaire/ophtalmo-orl-stomato/epistaxis,/articles/epistaxis
/actualites/espoirs-pour-un-vaccin-anti-vih-muqueux,/actualites/espoirs-pour-un-vaccin-anti-vih-muqueux
/base-documentaire/sante-publique-prevention/essai-delaboration-de-la-liste-de-medicaments-essentiels,/articles/essai-d-elaboration-de-la-liste-de-medicaments-essentiels-dans-un-centre-de-sante-au-katanga
/base-documentaire/urgences/evaluation-clinique-des-fonctions-vitales,/articles/evaluation-clinique-des-fonctions-vitales
/base-documentaire/sante-publique-prevention/evaluation-des-actions-de-sante-pourquoi-et-comment-eval,/articles/evaluation-des-actions-de-sante-pourquoi-et-comment-evaluer
/base-documentaire/sante-publique-prevention/evaluation-des-effets-de-la-supplementation-iodee-chez-l,/articles/evaluation-des-effets-de-la-supplementation-iodee-chez-les-enfants
/base-documentaire/evaluation-des-perdus-de-vue-dans-les-6-mois-suivant-le-debut-du-traitement-dans-l,/articles/evaluation-des-perdus-de-vue-dans-les-6-mois-suivant-le-debut-du-traitement-dans-les-pays-a-faibles-ressources-bulletin-oms-de-juillet-2008
/base-documentaire/chirurgie/eventration,/articles/eventration
/base-documentaire/examens-complementaires/examen-bacteriologique-des-selles,/articles/examen-bacteriologique-des-selles
/base-documentaire/gynecologie-obstetrique/examen-clinique-pendant-la-grossesse,/articles/examen-clinique-pendant-la-grossesse
/base-documentaire/examens-complementaires/examen-cytologique-du-liquide-articulaire,/articles/examen-cytologique-du-liquide-articulaire
/base-documentaire/medecine/examen-dun-patient-diabetique,/articles/examen-d-un-patient-diabetique
/base-documentaire/examens-complementaires/examen-des-urines-par-bandelettes-reactives-0,/articles/examen-des-urines-par-bandelettes-reactives
/base-documentaire/examens-complementaires/examen-direct-du-liquide-cephalo-rachidien,/articles/examen-direct-du-liquide-cephalo-rachidien
/base-documentaire/medecine/examen-du-genou-chez-ladulte,/articles/examen-du-genou-chez-l-adulte
/base-documentaire/sante-publique-prevention/excision-consequences-medicales-mais-necessite-daction-p,/articles/excision-consequences-medicales-mais-necessite-d-action-plurisectorielle
/actualites/exposition-prenatale-aux-pesticides-organophosphores,/actualites/exposition-prenatale-aux-pesticides-organophosphores
/base-documentaire/sante-publique-prevention/faux-medicaments,/articles/faux-medicaments
/actualites/fer-intraveineux,/actualites/fer-intraveineux
/base-documentaire/gynecologie-obstetrique/fibromyomes-uterins,/articles/fibromyomes-uterins
/actualites/fievre-africaine-tique,/actualites/fievre-africaine-a-tique
/base-documentaire/pediatrie/fievre-aigue-du-nourrisson-prise-en-charge,/articles/fievre-aigue-du-nourrisson-prise-en-charge
/base-documentaire/pediatrie/fievre-et-douleur-chez-lenfant,/articles/fievre-et-douleur-chez-l-enfant
/actualites/fievre-mal-toleree-chez-lenfant,/actualites/fievre-mal-toleree-chez-l-enfant
/base-documentaire/medecine/fievre-typhoide,/articles/fievre-typhoide
/base-documentaire/fondation-dentreprise-glaxo-smith-kline-france-gsk,/articles/fondation-d-entreprise-glaxo-smith-kline-france-gsk
/base-documentaire/fondation-dentreprise-veolia-environnement,/articles/fondation-d-entreprise-veolia-environnement
/base-documentaire/gynecologie-obstetrique/forceps-conditions-et-techniques,/articles/forceps-conditions-et-techniques
/base-documentaire/education-sanitaire/formation-des-sages-femmes,/articles/formation-des-sages-femmes
/base-documentaire/education-sanitaire/formation-et-recyclage-daccoucheuses-traditionnelles-dans-la-r,/articles/formation-et-recyclage-d-accoucheuses-traditionnelles-dans-la-region-de-segou-mali
/actualites/formes-severes-du-paludisme,/actualites/formes-severes-du-paludisme
/base-documentaire/chirurgie/fractures-du-poignet,/articles/fractures-du-poignet
/base-documentaire/chirurgie/fractures-ouvertes-de-jambe-en-milieu-precaire,/articles/fractures-ouvertes-de-jambe-en-milieu-precaire
/base-documentaire/examens-complementaires/genetique-et-diagnostic-biologique-de-la-drepanocytose,/articles/genetique-et-diagnostic-biologique-de-la-drepanocytose
/base-documentaire/education-sanitaire/gestion-des-vaccins-et-consommables,/articles/gestion-des-vaccins-et-consommables
/base-documentaire/gynecologie-obstetrique/grossesse-risque-quand-referer,/articles/grossesse-a-risque-quand-referer
/base-documentaire/gynecologie-obstetrique/grossesse-et-allaitement-recommandations-et-conseils-pour-,/articles/grossesse-et-allaitement-recommandations-et-conseils-pour-les-femmes
/base-documentaire/gynecologie-obstetrique/grossesse-extra-uterine-geu,/articles/grossesse-extra-uterine-geu
/base-documentaire/examens-complementaires/groupes-sanguins-et-transfusion,/articles/groupes-sanguins-et-transfusion
/base-documentaire/education-sanitaire/guide-de-gestion-des-medicaments-comment-dispenser-les-medicam,/articles/guide-de-gestion-des-medicaments-comment-dispenser-les-medicaments
/base-documentaire/education-sanitaire/guide-de-gestion-des-medicaments-comment-passer-une-commande-e,/articles/guide-de-gestion-des-medicaments-comment-passer-une-commande-en-se-basant-sur-la-consommation-anterieure
/base-documentaire/education-sanitaire/guide-de-gestion-des-medicaments-comment-ranger-les-medicament,/articles/guide-de-gestion-des-medicaments-comment-ranger-les-medicaments
/base-documentaire/education-sanitaire/guide-de-gestion-des-medicaments-comment-receptionner-une-comm,/articles/guide-de-gestion-des-medicaments-comment-receptionner-une-commande
/base-documentaire/education-sanitaire/guide-de-gestion-des-medicaments-comment-recevoir-les-paiement,/articles/guide-de-gestion-des-medicaments-comment-recevoir-les-paiements
/base-documentaire/education-sanitaire/guide-de-gestion-des-medicaments-la-tenue-des-documents-de-ges,/articles/guide-de-gestion-des-medicaments-la-tenue-des-documents-de-gestion
/base-documentaire/education-sanitaire/guide-de-gestion-des-medicaments-quelques-problemes-particulie,/articles/guide-de-gestion-des-medicaments-quelques-problemes-particuliers
/base-documentaire/guide-pour-la-mise-l’echelle-au-plan-mondial-de-la-ptme-oms-unicef,/articles/guide-pour-la-mise-a-l-echelle-au-plan-mondial-de-la-ptme-oms-unicef
/base-documentaire/gynecologie-obstetrique/hemorragies-de-la-delivrance,/articles/hemorragies-de-la-delivrance
/base-documentaire/medecine/hepatite-b,/articles/hepatite-b
/base-documentaire/medecine/hepatite-b-et-grossesse,/articles/hepatite-b-et-grossesse
/actualites/hepatite-c-et-medecins-generalistes,/actualites/hepatite-c-et-medecins-generalistes
/base-documentaire/medecine/hepatites-virales,/articles/hepatites-virales
/base-documentaire/sante-publique-prevention/hepatites-virales-la-place-des-reseaux,/articles/hepatites-virales-la-place-des-reseaux
/base-documentaire/urgences/hernie-etranglee,/articles/hernie-etranglee
/base-documentaire/urgences/hernies-inguinales-etanglees,/articles/hernies-inguinales-etanglees
/base-documentaire/medecine/histoire-naturelle-de-linfection-vih,/articles/histoire-naturelle-de-l-infection-a-vih
/base-documentaire/medecine/histoire-naturelle-des-hepatites-virales,/articles/histoire-naturelle-des-hepatites-virales
/actualites/hydroxyuree-et-drepanocytose,/actualites/hydroxyuree-et-drepanocytose
/base-documentaire/education-sanitaire/hygiene-quelques-definitions,/articles/hygiene-quelques-definitions
/base-documentaire/education-sanitaire/hygiene-la-maternite,/articles/hygiene-a-la-maternite
/base-documentaire/education-sanitaire/hygiene-au-bloc-operatoire-hygiene-asepsie-et-prevention-des-i,/articles/hygiene-au-bloc-operatoire-hygiene-asepsie-et-prevention-des-infections-chirurgicales
/base-documentaire/examens-complementaires/hypereosinophilie-sanguine,/articles/hypereosinophilie-sanguine
/base-documentaire/medecine/hypertension-arterielle-de-ladulte,/articles/hypertension-arterielle-de-l-adulte
/base-documentaire/gynecologie-obstetrique/hypertension-arterielle-et-grossesse,/articles/hypertension-arterielle-et-grossesse
/base-documentaire/actes-techniques/immobilisation-par-appareillage-platre,/articles/immobilisation-par-appareillage-platre
/base-documentaire/traitements-vaccins/immunite-antituberculeuse,/articles/immunite-antituberculeuse
/base-documentaire/gynecologie-obstetrique/impact-des-carences-nutritionnelles-sur-lanemie-de-la-femm,/articles/impact-des-carences-nutritionnelles-sur-l-anemie-de-la-femme-enceinte
/base-documentaire/education-sanitaire/implication-des-pvvih-au-sein-des-programmes-deducation-therap,/articles/implication-des-pvvih-au-sein-des-programmes-d-education-therapeutique-experience-de-l-alcs-maroc
/base-documentaire/incinerateur-de-dechets-medicaux-base-de-materiaux-locaux,/articles/incinerateur-de-dechets-medicaux-a-base-de-materiaux-locaux
/actualites/infection-cytomegalovirus,/actualites/infection-a-cytomegalovirus
/actualites/infection-virus-ebola,/actualites/infection-a-virus-ebola
/actualites/infection-virus-ebola-et-grossesse,/actualites/infection-a-virus-ebola-et-grossesse
/base-documentaire/sante-publique-prevention/infection-nosocomiale,/articles/infection-nosocomiale
/base-documentaire/medecine/infection-urinaire-de-ladulte,/articles/infection-urinaire-de-l-adulte
/base-documentaire/pediatrie/infections-bacteriennes-severes-chez-les-nourrissons-de-moins-de-3-mois,/articles/infections-bacteriennes-severes-chez-les-nourrissons-de-moins-de-3-mois
/base-documentaire/chirurgie/infections-de-la-main,/articles/infections-de-la-main
/base-documentaire/pediatrie/infections-et-drepanocytose,/articles/infections-et-drepanocytose
/base-documentaire/pediatrie/infections-neonatales-les-plus-frequentes,/articles/infections-neonatales-les-plus-frequentes
/base-documentaire/sante-publique-prevention/infections-nosocomiales,/articles/infections-nosocomiales
/base-documentaire/pediatrie/infections-respiratoires-aigues-chez-lenfant,/articles/infections-respiratoires-aigues-chez-l-enfant
/base-documentaire/gynecologie-obstetrique/infections-urogenitales-et-reproduction,/articles/infections-urogenitales-et-reproduction
/base-documentaire/sante-publique-prevention/infirmiere-et-hygiene-hospitaliere,/articles/infirmier-e-et-hygiene-hospitaliere
/base-documentaire/education-sanitaire/informations-indispensables-que-tout-soignant-doit-donner-un-t,/articles/informations-indispensables-que-tout-soignant-doit-donner-a-un-tuberculeux
/base-documentaire/sante-publique-prevention/initiative-hifa-evipnet-de-loms-sur-des-rendez-vous-mens,/articles/initiative-hifa-evipnet-de-l-oms-sur-des-rendez-vous-mensuels-avec-ses-experts
/base-documentaire/actes-techniques/injection-intramusculaire,/articles/injection-intramusculaire
/base-documentaire/actes-techniques/injection-sous-cutanee,/articles/injection-sous-cutanee
/actualites/insecticides-organophosphores,/actualites/insecticides-organophosphores
/base-documentaire/medecine/insufisance-cardiaque,/articles/insufisance-cardiaque
/base-documentaire/education-sanitaire/integration-des-activites-deducation-therapeutique-dans-le-soi,/articles/integration-des-activites-d-education-therapeutique-dans-le-soin-et-l-accompagnement-du-patient-vivant-avec-le-vih
/base-documentaire/interactions-entre-vih-hsv-2-ulcerations-genitales-et-circoncision,/articles/interactions-entre-vih-hsv-2-ulcerations-genitales-et-circoncision
/base-documentaire/traitements-vaccins/interactions-medicamenteuses,/articles/interactions-medicamenteuses
/base-documentaire/traitements-vaccins/interactions-medicamenteuses-avec-les-anticoagulants,/articles/interactions-medicamenteuses-avec-les-anticoagulants
/base-documentaire/education-sanitaire/interet-des-solutes-hydro-alcooliques,/articles/interet-des-solutes-hydro-alcooliques
/base-documentaire/interet-du-depistage-vih-dans-un-hopital-rural-au-nord-cameroun,/articles/interet-du-depistage-vih-dans-un-hopital-rural-au-nord-cameroun
/base-documentaire/pediatrie/intoxications-accidentelles-chez-lenfant,/articles/intoxications-accidentelles-chez-l-enfant
/base-documentaire/actes-techniques/intradermoreaction-test-tuberculinique-idr,/articles/intradermoreaction-test-tuberculinique-idr
/actualites/iris-et-tuberculose-chez-le-sujet-vihsida-traite,/actualites/iris-et-tuberculose-chez-le-sujet-vih-sida-traite
/base-documentaire/education-sanitaire/isolement-du-malade,/articles/isolement-du-malade
/actualites/laccouchement-humanise-au-senegal,/actualites/l-accouchement-humanise-au-senegal
/base-documentaire/sante-publique-prevention/lart-et-la-maniere-de-preparer-une-bouillie,/articles/l-art-et-la-maniere-de-preparer-une-bouillie
/base-documentaire/sante-publique-prevention/leau-de-boisson-dans-les-pays-en-developpement,/articles/l-eau-de-boisson-dans-les-pays-en-developpement
/base-documentaire/education-sanitaire/leau-et-lorganisme,/articles/l-eau-et-l-organisme
/base-documentaire/education-sanitaire/leau-et-la-sante-glossaire,/articles/l-eau-et-la-sante-glossaire
/base-documentaire/sante-publique-prevention/leau-potable,/articles/l-eau-potable
/base-documentaire/education-sanitaire/leau-un-enjeu-primordial,/articles/l-eau-un-enjeu-primordial
/base-documentaire/education-sanitaire/leducation-therapeutique,/articles/l-education-therapeutique
/base-documentaire/education-sanitaire/leducation-therapeutique-de-lenfant-experience-de-lhopital-din,/articles/l-education-therapeutique-de-l-enfant-experience-de-l-hopital-d-instruction-des-armees-de-cotonou
/base-documentaire/education-sanitaire/leducation-therapeutique-des-patients,/articles/l-education-therapeutique-des-patients
/base-documentaire/education-sanitaire/leducation-therapeutique-des-patients-affectes-par-le-vih-dans,/articles/l-education-therapeutique-des-patients-affectes-par-le-vih-dans-des-zones-a-forte-prevalence-et-avec-des-ressources-limitees-une-experience-de-medecins-sans-frontieres
/base-documentaire/education-sanitaire/leducation-therapeutique-du-patient-quelle-demarche,/articles/l-education-therapeutique-du-patient-quelle-demarche
/base-documentaire/leducation-therapeutique-peut-elle-avoir-un-retentissement-sur-lequilibre-psycho-0,/articles/l-education-therapeutique-peut-elle-avoir-un-retentissement-sur-l-equilibre-psychologique-du-patient
/base-documentaire/traitements-vaccins/leflornithine-pour-le-traitement-de-la-trypanosomose-humaine-a,/articles/l-eflornithine-pour-le-traitement-de-la-trypanosomose-humaine-africaine
/base-documentaire/sante-publique-prevention/lenfant-pour-lenfant,/articles/l-enfant-pour-l-enfant
/base-documentaire/education-sanitaire/lenfant-pour-lenfant-au-zaire,/articles/l-enfant-pour-l-enfant-au-zaire
/base-documentaire/sante-publique-prevention/lepidemie-de-cholera-aux-comores,/articles/l-epidemie-de-cholera-aux-comores
/base-documentaire/lepidemie-de-sida-reste-une-menace-majeure-pour-la-sante-mondiale-selon-lonu,/articles/l-epidemie-de-sida-reste-une-menace-majeure-pour-la-sante-mondiale-selon-l-onu
/base-documentaire/ophtalmo-orl-stomato/lexamen-de-loeil-dans-le-cadre-des-soins-de-sante-primaire-en,/articles/l-examen-de-l-oeil-dans-le-cadre-des-soins-de-sante-primaire-en-afrique-sahelienne
/base-documentaire/medecine/lexemple-de-sante-diabete-mali,/articles/l-exemple-de-sante-diabete-mali
/base-documentaire/sante-publique-prevention/lexperience-de-tokombere-en-matiere-de-lutte-contre-les-,/articles/l-experience-de-tokombere-en-matiere-de-lutte-contre-les-hepatites
/base-documentaire/ophtalmo-orl-stomato/lextraction-dentaire-au-chu-campus-de-lome-togo-propos-de-981,/articles/l-extraction-dentaire-au-chu-campus-de-lome-togo-a-propos-de-981-malades-de-1996-a-2001
/base-documentaire/urgences/lhemorragie,/articles/l-hemorragie
/base-documentaire/chirurgie/lhemospermie,/articles/l-hemospermie
/actualites/lhepatite-e-revisitee,/actualites/l-hepatite-e-revisitee
/base-documentaire/education-sanitaire/lhomme-et-les-micro-organismes,/articles/l-homme-et-les-micro-organismes
/actualites/linactivite-physique,/actualites/l-inactivite-physique
/base-documentaire/sante-publique-prevention/linfection-vih,/articles/l-infection-a-vih
/base-documentaire/medecine/linflammation,/articles/l-inflammation
/base-documentaire/soins-infirmiers/linitiative-badiene-gox-une-approche-communautaire-typiquement-se,/articles/l-initiative-badiene-gox-une-approche-communautaire-typiquement-senegalaise-pour-reduire-la-mortalite-maternelle-et-infantile
/base-documentaire/gynecologie-obstetrique/linsertion-basse-du-placenta-ou-placenta-praevia,/articles/l-insertion-basse-du-placenta-ou-placenta-praevia
/base-documentaire/sante-publique-prevention/lintegration-mstsida-comme-strategie-de-lutte-contre-le-,/articles/l-integration-mst-sida-comme-strategie-de-lutte-contre-le-sida
/base-documentaire/sante-publique-prevention/liode,/articles/l-iode
/base-documentaire/education-sanitaire/lobservance,/articles/l-observance
/base-documentaire/education-sanitaire/lobservance-un-enjeu-majeur-du-traitement-des-maladies-chroniq,/articles/l-observance-un-enjeu-majeur-du-traitement-des-maladies-chroniques
/base-documentaire/education-sanitaire/lobservance-une-necessite-therapeutique,/articles/l-observance-une-necessite-therapeutique
/base-documentaire/chirurgie/longle-incarne,/articles/l-ongle-incarne
/base-documentaire/lor-bleu-des-barrages-se-ternit,/articles/l-or-bleu-des-barrages-se-ternit
/base-documentaire/medecine/lulcere-de-buruli,/articles/l-ulcere-de-buruli
/base-documentaire/medecine/lulcere-de-jambe-la-conduite-de-linfirmier-au-dispensaire,/articles/l-ulcere-de-jambe-la-conduite-de-l-infirmier-au-dispensaire
/base-documentaire/medecine/lulcere-phagedenique,/articles/l-ulcere-phagedenique
/base-documentaire/traitements-vaccins/lusage-rationnel-des-acts-sur-le-terrain-pourquoi-et-comment,/articles/l-usage-rationnel-des-act-s-sur-le-terrain-pourquoi-et-comment
/base-documentaire/traitements-vaccins/lutilisation-systematique-du-cotrimoxazole-pour-prevenir-les-c,/articles/l-utilisation-systematique-du-cotrimoxazole-pour-prevenir-les-complications-infectieuses-de-la-rougeole-peut-elle-en-diminuer-la-mortalite
/base-documentaire/urgences/la-brulure,/articles/la-brulure
/base-documentaire/ophtalmo-orl-stomato/la-cataracte,/articles/la-cataracte
/base-documentaire/la-cicatrisation-dirigee,/articles/la-cicatrisation-dirigee
/base-documentaire/sante-publique-prevention/la-conference-de-dakar-sur-les-hepatites-une-conference-,/articles/la-conference-de-dakar-sur-les-hepatites-une-conference-qui-fera-date
/base-documentaire/pediatrie/la-coqueluche,/articles/la-coqueluche
/base-documentaire/sante-publique-prevention/la-demarche-epidemiologique-appliquee-au-paludisme,/articles/la-demarche-epidemiologique-appliquee-au-paludisme
/actualites/la-dracunculose,/actualites/la-dracunculose
/base-documentaire/medecine/la-dracunculose-une-maladie-en-voie-de-disparition,/articles/la-dracunculose-une-maladie-en-voie-de-disparition
/actualites/la-drepanocytose-une-priorite,/actualites/la-drepanocytose-une-priorite
/base-documentaire/education-sanitaire/la-formation-des-soignants-leducation-therapeutique,/articles/la-formation-des-soignants-a-l-education-therapeutique
/base-documentaire/medecine/la-gale-diagnostic-traitement-et-prevention-de-la-transmission,/articles/la-gale-diagnostic-traitement-et-prevention-de-la-transmission
/base-documentaire/examens-complementaires/la-limpidite-des-urines-loeil-nu-est-elle-synonyme-de-ster,/articles/la-limpidite-des-urines-a-l-oeil-nu-est-elle-synonyme-de-sterilite
/base-documentaire/sante-publique-prevention/la-lutte-contre-les-glossines,/articles/la-lutte-contre-les-glossines
/base-documentaire/medecine/la-maladie-ulcereuse-gastro-duodenale,/articles/la-maladie-ulcereuse-gastro-duodenale
/base-documentaire/gynecologie-obstetrique/la-medicalisation-des-mutilations-genitales-feminines-et-s,/articles/la-medicalisation-des-mutilations-genitales-feminines-et-ses-consequences
/base-documentaire/pediatrie/la-methode-kangourou-ou-comment-soigner-les-nouveau-nes-fragiles-avec-le,/articles/la-methode-kangourou-ou-comment-soigner-les-nouveau-nes-fragiles-avec-leur-mere
/base-documentaire/sante-publique-prevention/la-participation-des-populations-aux-soins-de-sante-prim,/articles/la-participation-des-populations-aux-soins-de-sante-primaires
/base-documentaire/traitements-vaccins/la-pathologie-iatrogene,/articles/la-pathologie-iatrogene
/base-documentaire/actes-techniques/la-perfusion-intraperitoneale,/articles/la-perfusion-intraperitoneale
/base-documentaire/actes-techniques/la-perfusion-intraveineuse,/articles/la-perfusion-intraveineuse
/base-documentaire/medecine/la-peste,/articles/la-peste
/base-documentaire/education-sanitaire/la-place-des-facteurs-psychosociaux-dans-le-deces-premature-de,/articles/la-place-des-facteurs-psychosociaux-dans-le-deces-premature-des-patients-sous-arv-a-yaounde
/base-documentaire/urgences/la-plaie,/articles/la-plaie
/base-documentaire/sante-publique-prevention/la-prevention-des-asthmes-allergiques,/articles/la-prevention-des-asthmes-allergiques
/base-documentaire/sante-publique-prevention/la-prevention-des-mutilations-sexuelles-feminines,/articles/la-prevention-des-mutilations-sexuelles-feminines
/base-documentaire/sante-publique-prevention/la-prise-en-charge-des-personnes-atteintes-comme-element,/articles/la-prise-en-charge-des-personnes-atteintes-comme-element-de-prevention
/base-documentaire/sante-publique-prevention/la-ptme-–-prevention-de-la-transmission-mere-enfant,/articles/la-ptme-prevention-de-la-transmission-mere-enfant
/base-documentaire/anesthesie-reanimation/la-rachianesthesie,/articles/la-rachianesthesie
/base-documentaire/medecine/la-rage,/articles/la-rage
/base-documentaire/sante-publique-prevention/la-reference,/articles/la-reference
/base-documentaire/traitements-vaccins/la-resistance-aux-antibiotiques-un-probleme-mondial-majeur-de-,/articles/la-resistance-aux-antibiotiques-un-probleme-mondial-majeur-de-sante-publique
/base-documentaire/pediatrie/la-rougeole,/articles/la-rougeole
/base-documentaire/pediatrie/la-rougeole-en-lan-2000,/articles/la-rougeole-en-l-an-2000
/actualites/la-sante-de-la-femme-en-afrique,/actualites/la-sante-de-la-femme-en-afrique
/base-documentaire/medecine/la-toux,/articles/la-toux
/base-documentaire/traitements-vaccins/la-trypanosomose-humaine-africaine-traitement,/articles/la-trypanosomose-humaine-africaine-traitement
/base-documentaire/la-trypanosomose-humaine-africaine-0,/articles/la-trypanosomose-humaine-africaine-epidemiologie-historique-situation-actuelle
/base-documentaire/traitements-vaccins/la-vaccination-contre-lhepatite-b,/articles/la-vaccination-contre-l-hepatite-b
/base-documentaire/traitements-vaccins/la-vaccination-contre-la-rage,/articles/la-vaccination-contre-la-rage
/base-documentaire/traitements-vaccins/la-vaccination-rabique,/articles/la-vaccination-rabique
/base-documentaire/examens-complementaires/laboratoire-et-anemie,/articles/laboratoire-et-anemie
/base-documentaire/le-bilan-lipidique-surveiller-lors-des-traitements-arv,/articles/le-bilan-lipidique-a-surveiller-lors-des-traitements-arv
/base-documentaire/education-sanitaire/le-bon-usage-des-gants-en-milieu-de-soins,/articles/le-bon-usage-des-gants-en-milieu-de-soins
/base-documentaire/medecine/le-cholera,/articles/le-cholera
/base-documentaire/gynecologie-obstetrique/le-clampage-retarde-du-cordon-ombilical,/articles/le-clampage-retarde-du-cordon-ombilical
/base-documentaire/sante-publique-prevention/le-conseil-et-le-depistage-volontaire-du-vih,/articles/le-conseil-et-le-depistage-volontaire-du-vih
/base-documentaire/le-courrier-des-lecteurs,/articles/le-courrier-des-lecteurs
/base-documentaire/actes-techniques/le-debit-metre-de-pointe,/articles/le-debit-metre-de-pointe
/base-documentaire/sante-publique-prevention/le-developpement-sanitaire-lecole-des-pratiques,/articles/le-developpement-sanitaire-a-l-ecole-des-pratiques
/base-documentaire/medecine/le-diabete-au-mali-aspects-dietetiques,/articles/le-diabete-au-mali-aspects-dietetiques
/base-documentaire/sante-publique-prevention/le-diabete-sucre-en-cote-divoire-particularites-epidemio,/articles/le-diabete-sucre-en-cote-d-ivoire-particularites-epidemiologiques
/base-documentaire/medecine/le-diabete-quest-ce-que-cest,/articles/le-diabete-qu-est-ce-que-c-est
/base-documentaire/examens-complementaires/le-diagnostic-de-thrombose-veineuse-par-echographie-ou-par,/articles/le-diagnostic-de-thrombose-veineuse-par-echographie-ou-par-echo-doppler
/base-documentaire/chirurgie/le-drainage,/articles/le-drainage
/base-documentaire/pediatrie/le-gavage-traditionnel-des-nourissons,/articles/le-gavage-traditionnel-des-nourissons
/base-documentaire/education-sanitaire/le-lavage-des-mains,/articles/le-lavage-des-mains
/base-documentaire/examens-complementaires/le-lecteur-de-glycemie,/articles/le-lecteur-de-glycemie
/base-documentaire/sante-publique-prevention/le-manioc,/articles/le-manioc
/base-documentaire/sante-publique-prevention/le-moustique,/articles/le-moustique
/base-documentaire/chirurgie/le-noma,/articles/le-noma
/base-documentaire/pediatrie/le-nouveau-ne-de-petit-poids-de-naissance-1-le-premature,/articles/le-nouveau-ne-de-petit-poids-de-naissance-1-le-premature
/base-documentaire/pediatrie/le-nouveau-ne-de-petit-poids-de-naissance-2-la-surveillance-pendant-le-s,/articles/le-nouveau-ne-de-petit-poids-de-naissance-2-la-surveillance-pendant-le-sejour-a-l-hopital
/base-documentaire/pediatrie/le-paludisme-de-lenfant,/articles/le-paludisme-de-l-enfant
/base-documentaire/gynecologie-obstetrique/le-paludisme-pendant-la-grossesse,/articles/le-paludisme-pendant-la-grossesse
/base-documentaire/sante-publique-prevention/le-paludisme-un-defi-majeur,/articles/le-paludisme-un-defi-majeur
/base-documentaire/medecine/le-papillomavirus-hpv-responsable-de-nombreuses-maladies-et-surtout-du-ca,/articles/le-papillomavirus-hpv-responsable-de-nombreuses-maladies-et-surtout-du-cancer-du-col-de-l-uterus
/base-documentaire/gynecologie-obstetrique/le-partogramme-principes-et-methodes,/articles/le-partogramme-principes-et-methodes
/actualites/le-pian,/actualites/le-pian
/base-documentaire/sante-publique-prevention/le-pionnier-de-lasepsie,/articles/le-pionnier-de-l-asepsie
/base-documentaire/traitements-vaccins/le-programme-elargi-de-vaccination-pev-origine-et-evolution,/articles/le-programme-elargi-de-vaccination-pev-origine-et-evolution
/base-documentaire/sante-publique-prevention/le-role-dune-psychologue-aupres-de-femmes-et-denfants-co,/articles/le-role-d-une-psychologue-aupres-de-femmes-et-d-enfants-concernes-par-le-vih-sida
/base-documentaire/education-sanitaire/le-role-de-lagent-de-sante-communautaire,/articles/le-role-de-l-agent-de-sante-communautaire
/base-documentaire/soins-infirmiers/le-role-de-l’infirmierere-en-education-la-sante-face-au-diabete,/articles/le-role-de-l-infirmier-ere-en-education-a-la-sante-face-au-diabete
/base-documentaire/traitements-vaccins/le-role-des-infirmiers-en-vaccinovigilance,/articles/le-role-des-infirmiers-en-vaccinovigilance
/base-documentaire/sante-publique-prevention/le-role-des-organisations-non-gouvernementales-dans-la-l,/articles/le-role-des-organisations-non-gouvernementales-dans-la-lutte-contre-le-sida
/base-documentaire/education-sanitaire/le-role-essentiel-de-linfirmier-dans-laide-lobservance-en-part,/articles/le-role-essentiel-de-l-infirmier-dans-l-aide-a-l-observance-en-particulier-pour-le-traitement-par-arv
/base-documentaire/sante-publique-prevention/le-saturnisme,/articles/le-saturnisme
/base-documentaire/education-sanitaire/le-sida-comment-en-parler-lecole,/articles/le-sida-comment-en-parler-a-l-ecole
/base-documentaire/soins-infirmiers/le-soin-la-personne-agee-un-defi-pour-les-infirmieres-des-pays-en,/articles/le-soin-a-la-personne-agee-un-defi-pour-les-infirmieres-des-pays-en-developpement-au-21eme-siecle
/base-documentaire/actes-techniques/le-sondage-vesical-demeure,/articles/le-sondage-vesical-a-demeure
/base-documentaire/actes-techniques/le-strapping,/articles/le-strapping
/base-documentaire/medecine/le-syndrome-meninge,/articles/le-syndrome-meninge
/actualites/le-tabagisme-en-afrique,/actualites/le-tabagisme-en-afrique
/base-documentaire/le-tetanos,/articles/le-tetanos
/base-documentaire/traitements-vaccins/le-traitement-de-lasthme,/articles/le-traitement-de-l-asthme
/base-documentaire/medecine/le-traitement-de-lescarre,/articles/le-traitement-de-l-escarre
/base-documentaire/pediatrie/le-traitement-dietetique-du-diabete-sucre-de-lenfant,/articles/le-traitement-dietetique-du-diabete-sucre-de-l-enfant
/base-documentaire/traitements-vaccins/le-traitement-du-paludisme-actualite-et-perspectives,/articles/le-traitement-du-paludisme-actualite-et-perspectives
/base-documentaire/le-traitement-du-sida-en-afrique,/articles/le-traitement-du-sida-en-afrique
/base-documentaire/traitements-vaccins/le-vaccin-anti-haemophilus-b-un-besoin-mondial,/articles/le-vaccin-anti-haemophilus-b-un-besoin-mondial
/base-documentaire/traitements-vaccins/le-vaccin-contre-lhepatite-pourquoi-il-na-pas-sa-place-en-afri,/articles/le-vaccin-contre-l-hepatite-a-pourquoi-il-n-a-pas-sa-place-en-afrique
/base-documentaire/traitements-vaccins/le-vaccin-poliomyelite-un-vaccin-qui-devrait-permettre-leradic,/articles/le-vaccin-poliomyelite-un-vaccin-qui-devrait-permettre-l-eradication-de-la-maladie-dans-le-monde
/actualites/le-vaccin-rotavirus,/actualites/le-vaccin-rotavirus
/base-documentaire/le-virus-de-limmunodeficience-humaine-ou-vih,/articles/le-virus-de-l-immunodeficience-humaine-ou-vih
/base-documentaire/sante-publique-prevention/le-wata,/articles/le-wata
/actualites/lepre,/actualites/lepre
/base-documentaire/sante-publique-prevention/les-accidents-domestiques-chez-lenfant,/articles/les-accidents-domestiques-chez-l-enfant
/base-documentaire/traitements-vaccins/les-aminosides,/articles/les-aminosides
/base-documentaire/chirurgie/les-amputations,/articles/les-amputations
/base-documentaire/traitements-vaccins/les-anti-inflammatoires-non-steroidiens,/articles/les-anti-inflammatoires-non-steroidiens
/base-documentaire/traitements-vaccins/les-arv-et-leur-utilisation,/articles/les-arv-et-leur-utilisation
/base-documentaire/sante-publique-prevention/les-brulures,/articles/les-brulures
/base-documentaire/ophtalmo-orl-stomato/les-cataractes-tropicales,/articles/les-cataractes-tropicales
/base-documentaire/les-cellules-hematimetres,/articles/les-cellules-hematimetres
/base-documentaire/sante-publique-prevention/les-chauves-souris-des-animaux-plus-utiles-que-vecteurs-,/articles/les-chauves-souris-des-animaux-plus-utiles-que-vecteurs-de-virus
/base-documentaire/pediatrie/les-complications-habituelles-de-la-drepanocytose-chez-lenfant-en-afriqu,/articles/les-complications-habituelles-de-la-drepanocytose-chez-l-enfant-en-afrique
/base-documentaire/examens-complementaires/les-cristaux-urinaires,/articles/les-cristaux-urinaires
/actualites/les-dangers-du-khat,/actualites/les-dangers-du-khat
/base-documentaire/actes-techniques/les-denudations-veineuses,/articles/les-denudations-veineuses
/base-documentaire/sante-publique-prevention/les-determinants-de-la-fecondite,/articles/les-determinants-de-la-fecondite
/base-documentaire/sante-publique-prevention/les-determinants-du-cholera,/articles/les-determinants-du-cholera
/base-documentaire/les-detresses-circulatoires,/articles/les-detresses-circulatoires
/base-documentaire/pediatrie/les-diarrhees-aigues,/articles/les-diarrhees-aigues
/base-documentaire/medecine/les-diarrhees-aigues-bacteriennes,/articles/les-diarrhees-aigues-bacteriennes
/base-documentaire/medecine/les-difficultes-de-la-prise-en-charge-du-diabete-de-type-1,/articles/les-difficultes-de-la-prise-en-charge-du-diabete-de-type-1
/base-documentaire/pediatrie/les-dilemmes-de-la-transmission-du-vih-1-par-lallaitement-maternel,/articles/les-dilemmes-de-la-transmission-du-vih-1-par-l-allaitement-maternel
/base-documentaire/medecine/les-douleurs-epigastriques-et-leur-traitement,/articles/les-douleurs-epigastriques-et-leur-traitement
/base-documentaire/education-sanitaire/les-enjeux-de-leducation-therapeutique-en-ptme-et-pediatrie-id,/articles/les-enjeux-de-l-education-therapeutique-en-ptme-et-pediatrie-identifies-au-cta-de-brazzaville
/base-documentaire/traitements-vaccins/les-faux-medicaments,/articles/les-faux-medicaments
/actualites/les-fistules-obstetricales,/actualites/les-fistules-obstetricales
/base-documentaire/gynecologie-obstetrique/les-fistules-vesico-vaginales,/articles/les-fistules-vesico-vaginales
/base-documentaire/gynecologie-obstetrique/les-forceps,/articles/les-forceps
/actualites/les-gaz-de-moteur-diesel,/actualites/les-gaz-de-moteur-diesel
/base-documentaire/les-gestes-qui-sauvent,/articles/les-gestes-qui-sauvent
/base-documentaire/examens-complementaires/les-groupes-sanguins,/articles/les-groupes-sanguins
/base-documentaire/gynecologie-obstetrique/les-hemorragies-de-la-delivrance,/articles/les-hemorragies-de-la-delivrance
/base-documentaire/gynecologie-obstetrique/les-infections-apres-laccouchement,/articles/les-infections-apres-l-accouchement
/base-documentaire/pediatrie/les-infections-chez-lenfant-malnutri,/articles/les-infections-chez-l-enfant-malnutri
/base-documentaire/gynecologie-obstetrique/les-infections-du-post-partum,/articles/les-infections-du-post-partum
/base-documentaire/medecine/les-infections-opportunistes,/articles/les-infections-opportunistes
/base-documentaire/medecine/les-infections-respiratoires-de-ladulte-lexception-de-la-tuberculose,/articles/les-infections-respiratoires-de-l-adulte-a-l-exception-de-la-tuberculose
/base-documentaire/sante-publique-prevention/les-infections-toujours-presentes-laube-du-xxie-siecle,/articles/les-infections-toujours-presentes-a-l-aube-du-xxie-siecle
/base-documentaire/urgences/les-intoxications,/articles/les-intoxications
/base-documentaire/urgences/les-intoxications,/articles/les-intoxications-chez-l-enfant
/base-documentaire/traitements-vaccins/les-macrolides,/articles/les-macrolides
/base-documentaire/pediatrie/les-maladies-graves-chez-l’enfant-guide-de-la-pcime,/articles/les-maladies-graves-chez-l-enfant-guide-de-la-pcime
/base-documentaire/les-medicaments-du-marche-parallele-pour-le-traitement-de-luretrite-dakar,/articles/les-medicaments-du-marche-parallele-pour-le-traitement-de-l-uretrite-a-dakar
/base-documentaire/education-sanitaire/les-melanges-alimentaires-locaux-pour-le-traitement-de-la-maln,/articles/les-melanges-alimentaires-locaux-pour-le-traitement-de-la-malnutrition-proteino-calorique-mpc-au-centre-de-sante-rurale-de-mondongo-zaire
/base-documentaire/traitements-vaccins/les-moyens-contraceptifs,/articles/les-moyens-contraceptifs
/base-documentaire/sante-publique-prevention/les-mutilations-genitales-feminines,/articles/les-mutilations-genitales-feminines
/base-documentaire/sante-publique-prevention/les-mutilations-sexuelles-feminines-dans-les-pays-du-nor,/articles/les-mutilations-sexuelles-feminines-dans-les-pays-du-nord-quelles-realites-quels-enjeux
/base-documentaire/actes-techniques/les-noeuds-en-chirurgie-0,/articles/les-noeuds-en-chirurgie
/base-documentaire/sante-publique-prevention/les-nuisances-domestiques,/articles/les-nuisances-domestiques
/base-documentaire/sante-publique-prevention/les-nutricartes-contre-la-malnutrition-infantile,/articles/les-nutricartes-contre-la-malnutrition-infantile
/base-documentaire/medecine/les-paralysies-sciatiques-par-injection-intramusculaire-dans-la-fesse-dan,/articles/les-paralysies-sciatiques-par-injection-intramusculaire-dans-la-fesse-dans-un-contexte-malien
/base-documentaire/medecine/les-parasitoses-digestives-generalites,/articles/les-parasitoses-digestives-generalites
/base-documentaire/education-sanitaire/les-patients-sous-arv-un-besoin-dinformations-exprime,/articles/les-patients-sous-arv-un-besoin-d-informations-exprime
/base-documentaire/traitements-vaccins/les-penicillines,/articles/les-penicillines
/base-documentaire/medecine/les-pleuresies-purulentes,/articles/les-pleuresies-purulentes
/base-documentaire/actes-techniques/les-points-de-compression,/articles/les-points-de-compression
/base-documentaire/examens-complementaires/les-prelevements-en-hemostase,/articles/les-prelevements-en-hemostase
/base-documentaire/education-sanitaire/les-principes-generaux-de-leducation-therapeutique-du-patient,/articles/les-principes-generaux-de-l-education-therapeutique-du-patient
/base-documentaire/pediatrie/les-risques-encourus-par-lenfant,/articles/les-risques-encourus-par-l-enfant
/base-documentaire/medecine/les-schistosomiases-ou-bilharzioses,/articles/les-schistosomiases-ou-bilharzioses
/base-documentaire/actes-techniques/les-sites-dinjection-des-vaccins-avantages-et-inconvenients,/articles/les-sites-d-injection-des-vaccins-avantages-et-inconvenients
/base-documentaire/gynecologie-obstetrique/les-urgences-gynecologiques-et-obstetricales,/articles/les-urgences-gynecologiques-et-obstetricales
/base-documentaire/traitements-vaccins/les-vaccins-une-solution-miracle,/articles/les-vaccins-une-solution-miracle
/base-documentaire/traitements-vaccins/les-vaccins-ajoutes-au-pev,/articles/les-vaccins-ajoutes-au-pev
/base-documentaire/traitements-vaccins/les-vaccins-du-futur-d’interet-pour-l’afrique,/articles/les-vaccins-du-futur-d-interet-pour-l-afrique
/base-documentaire/traitements-vaccins/les-vaccins-du-paludisme,/articles/les-vaccins-du-paludisme
/base-documentaire/traitements-vaccins/les-vaccins-du-pev-son-origine,/articles/les-vaccins-du-pev-a-son-origine
/base-documentaire/sante-publique-prevention/les-vitamines,/articles/les-vitamines
/base-documentaire/pediatrie/ligature-du-cordon,/articles/ligature-du-cordon
/base-documentaire/gynecologie-obstetrique/ligature-et-soins-du-cordon-ombilical,/articles/ligature-et-soins-du-cordon-ombilical
/base-documentaire/medecine/lombosciatique-commune,/articles/lombosciatique-commune
/base-documentaire/lubrification,/articles/lubrification
/base-documentaire/sante-publique-prevention/lutte-antipaludique-lexemple-de-diaba-senegal-source-oms,/articles/lutte-antipaludique-l-exemple-de-diaba-senegal-source-oms
/actualites/lutte-contre-la-dengue,/actualites/lutte-contre-la-dengue
/actualites/lutte-contre-la-tuberculose,/actualites/lutte-contre-la-tuberculose
/base-documentaire/chirurgie/l’infirmier-isole-devant-un-ventre-chirurgical,/articles/l-infirmier-isole-devant-un-ventre-chirurgical
/base-documentaire/medecine/maladie-du-sommeil,/articles/maladie-du-sommeil
/base-documentaire/sante-publique-prevention/maladies-du-peril-fecal-et-leur-prevention,/articles/maladies-du-peril-fecal-et-leur-prevention
/base-documentaire/sante-publique-prevention/maladies-liees-leau-classification,/articles/maladies-liees-a-l-eau-classification
/base-documentaire/gynecologie-obstetrique/maladies-parasitaires-et-grossesse,/articles/maladies-parasitaires-et-grossesse
/base-documentaire/medecine/maladies-sexuellement-transmissibles-1ere-partie,/articles/maladies-sexuellement-transmissibles-1ere-partie
/base-documentaire/medecine/maladies-sexuellement-transmissibles-2eme-partie,/articles/maladies-sexuellement-transmissibles-2eme-partie
/base-documentaire/sante-publique-prevention/maladies-transmissibles-dans-une-collectivite-0,/articles/maladies-transmissibles-dans-une-collectivite
/actualites/malnutrition-aigue-severe,/actualites/malnutrition-aigue-severe
/base-documentaire/medecine/manifestations-cliniques-de-linfection-par-le-vhb,/articles/manifestations-cliniques-de-l-infection-par-le-vhb
/base-documentaire/medecine/manifestations-renales-de-linfection-par-le-vih-et-de-sa-prise-en-charge,/articles/manifestations-renales-de-l-infection-par-le-vih-et-de-sa-prise-en-charge
/actualites/manque-de-sommeil,/actualites/manque-de-sommeil
/base-documentaire/urgences/materiel-durgence-necessaire-pour-la-reanimation,/articles/materiel-d-urgence-necessaire-pour-la-reanimation
/base-documentaire/gynecologie-obstetrique/materiel-necessaire-en-salle-d’accouchement-pour-les-geste,/articles/materiel-necessaire-en-salle-d-accouchement-pour-les-gestes-elementaires
/base-documentaire/anesthesie-reanimation/materiel-necessaire-pour-la-reanimation,/articles/materiel-necessaire-pour-la-reanimation
/base-documentaire/medecins-sans-frontieres,/articles/medecins-sans-frontieres
/base-documentaire/traitements-vaccins/medicaments-antituberculeux,/articles/medicaments-antituberculeux
/base-documentaire/education-sanitaire/medicaments-durgence-dans-les-dispensaires-et-centre-de-sante,/articles/medicaments-d-urgence-dans-les-dispensaires-et-centre-de-sante
/base-documentaire/medicaments-des-infections-opportunistes,/articles/medicaments-des-infections-opportunistes
/base-documentaire/traitements-vaccins/medicaments-et-alimentation-quelles-interactions,/articles/medicaments-et-alimentation-quelles-interactions
/base-documentaire/gynecologie-obstetrique/medicaments-et-grossesse,/articles/medicaments-et-grossesse
/actualites/medicaments-pour-enfants,/actualites/medicaments-pour-enfants
/base-documentaire/education-sanitaire/mefiez-vous-des-contrefacons,/articles/mefiez-vous-des-contrefacons
/actualites/meningite-meningocoque,/actualites/meningite-a-meningocoque
/base-documentaire/sante-publique-prevention/message-preventif-et-normes-sexuelles-reflexions-propos-,/articles/message-preventif-et-normes-sexuelles-reflexions-a-propos-d-un-texte-d-information-sur-la-prevention-du-sida
/base-documentaire/pediatrie/mesures-pediatriques-courbes-poids-taille,/articles/mesures-pediatriques-courbes-poids-taille
/base-documentaire/examens-complementaires/methode-de-concentration-des-selles,/articles/methode-de-concentration-des-selles
/base-documentaire/medecine/methodes-pour-apprecier-lobservance-du-traitement-antiretroviral,/articles/methodes-pour-apprecier-l-observance-du-traitement-antiretroviral
/base-documentaire/medecine/mise-au-point-sur-lhepatite-e,/articles/mise-au-point-sur-l-hepatite-e
/base-documentaire/education-sanitaire/mise-en-oeuvre-dun-programme-deducation-therapeutique-en-ptme-,/articles/mise-en-oeuvre-d-un-programme-d-education-therapeutique-en-ptme-et-pediatrie-au-cameroun
/base-documentaire/traitements-vaccins/modes-daction-et-classification-des-vaccins-definition-de-la-v,/articles/modes-d-action-et-classification-des-vaccins-definition-de-la-vaccinologie
/base-documentaire/medecine/modes-de-transmission-des-hepatites-virales,/articles/modes-de-transmission-des-hepatites-virales
/base-documentaire/examens-complementaires/morphologie-des-hematies-normales-et-pathologiques,/articles/morphologie-des-hematies-normales-et-pathologiques
/base-documentaire/pediatrie/mortalite-materno-foetale-et-perinatale-pourquoi-si-peu-d’amelioration,/articles/mortalite-materno-foetale-et-perinatale-pourquoi-si-peu-d-amelioration
/actualites/mutilations-genitales-feminines,/actualites/mutilations-genitales-feminines
/base-documentaire/soins-infirmiers/mutilations-genitales-feminines-la-prise-en-soin-infirmiere,/articles/mutilations-genitales-feminines-la-prise-en-soin-infirmiere
/base-documentaire/sante-publique-prevention/mutilations-genitales-femininesexcision-bilan-statistiqu,/articles/mutilations-genitales-feminines-excision-bilan-statistique
/base-documentaire/sante-publique-prevention/mutilations-sexuelles-feminines-changements-sociaux-intr,/articles/mutilations-sexuelles-feminines-changements-sociaux-introduction
/base-documentaire/gynecologie-obstetrique/mutilations-sexuelles-feminines-reconstruction-clitoridien,/articles/mutilations-sexuelles-feminines-reconstruction-clitoridienne-resultats-pour-quels-enjeux
/base-documentaire/sante-publique-prevention/mutilations-sexuelles-feminines-trente-ans-de-reussite-f,/articles/mutilations-sexuelles-feminines-trente-ans-de-reussite-face-a-une-pratique-millenaire
/base-documentaire/sante-publique-prevention/mutilations-sexuelles-feminines-le-cas-de-tostan-au-sene,/articles/mutilations-sexuelles-feminines-le-cas-de-tostan-au-senegal-les-droits-humains-comme-fondement-des-changements-sociaux
/actualites/naissance-par-cesarienne,/actualites/naissance-par-cesarienne
/base-documentaire/traitements-vaccins/non-les-vaccins-ne-sont-pas-dangereux,/articles/non-les-vaccins-ne-sont-pas-dangereux
/actualites/nouveau-virus-en-arabie,/actualites/nouveau-virus-en-arabie
/base-documentaire/traitements-vaccins/nouveaux-vaccins-d’interet-pour-l’afrique,/articles/nouveaux-vaccins-d-interet-pour-l-afrique
/base-documentaire/sante-publique-prevention/nouvelles-recommandations-de-loms,/articles/nouvelles-recommandations-de-l-oms
/base-documentaire/education-sanitaire/nutrition-et-vih,/articles/nutrition-et-vih
/actualites/obesite-et-cancer,/actualites/obesite-et-cancer
/base-documentaire/observance-dans-la-prophylaxie-primaire-par-le-cotrimoxazole-bangui,/articles/observance-dans-la-prophylaxie-primaire-par-le-cotrimoxazole-a-bangui
/base-documentaire/pediatrie/oedemes-generalises-de-lenfant,/articles/oedemes-generalises-de-l-enfant
/base-documentaire/ophtalmo-orl-stomato/oeil-et-diabete,/articles/oeil-et-diabete
/base-documentaire/ophtalmo-orl-stomato/oeil-rouge,/articles/oeil-rouge
/actualites/onusida-2011,/actualites/onusida-2011
/base-documentaire/education-sanitaire/organisation-dun-fichier-de-consultation-denfants-dage-prescol,/articles/organisation-d-un-fichier-de-consultation-d-enfants-d-age-prescolaire
/base-documentaire/sante-publique-prevention/organisation-et-securite-de-la-vaccination,/articles/organisation-et-securite-de-la-vaccination
/base-documentaire/ophtalmo-orl-stomato/orientation-diagnostique-et-conduite-tenir-devant-un-traumati,/articles/orientation-diagnostique-et-conduite-a-tenir-devant-un-traumatisme-oculaire-recent
/base-documentaire/ophtalmo-orl-stomato/otalgie,/articles/otalgie
/base-documentaire/ophtalmo-orl-stomato/otite-moyenne-aigue-de-lenfant-oma,/articles/otite-moyenne-aigue-de-l-enfant-oma
/base-documentaire/education-sanitaire/outil-dautoquestionnement-pour-la-mise-en-oeuvre-dun-programme,/articles/outil-d-autoquestionnement-pour-la-mise-en-oeuvre-d-un-programme-d-education-therapeutique-pour-les-patients-infectes-par-le-vih
/base-documentaire/traitements-vaccins/oxygenotherapie,/articles/oxygenotherapie
/base-documentaire/pediatrie/oxyuroses-infantiles,/articles/oxyuroses-infantiles
/actualites/paludisme-moustiques-rendus-steriles,/actualites/paludisme-moustiques-rendus-steriles
/base-documentaire/urgences/paludisme-grave,/articles/paludisme-grave
/actualites/paludisme-severe-de-lenfant,/actualites/paludisme-severe-de-l-enfant
/base-documentaire/medecine/paralysie-dun-membre,/articles/paralysie-d-un-membre
/base-documentaire/pediatrie/parasitoses-intestinales-infantiles-quelques-generalites,/articles/parasitoses-intestinales-infantiles-quelques-generalites
/base-documentaire/particularites-et-nouveautes,/articles/particularites-et-nouveautes
/base-documentaire/actes-techniques/perfusion-intraveineuse,/articles/perfusion-intraveineuse
/base-documentaire/chirurgie/peritonite-aigue,/articles/peritonite-aigue
/base-documentaire/chirurgie/peritonite-par-perforation-typhique,/articles/peritonite-par-perforation-typhique
/base-documentaire/petite-histoire-du-sida,/articles/petite-histoire-du-sida
/base-documentaire/pediatrie/petite-pharmacie-durgence-en-pediatrie,/articles/petite-pharmacie-d-urgence-en-pediatrie
/base-documentaire/petite-urgence-en-proctologie,/articles/petite-urgence-en-proctologie
/base-documentaire/examens-complementaires/physiologie-de-lhemostase,/articles/physiologie-de-l-hemostase
/base-documentaire/medecine/physiopathologie-de-lallergie,/articles/physiopathologie-de-l-allergie
/base-documentaire/medecine/physiopathologie-de-la-douleur,/articles/physiopathologie-de-la-douleur
/actualites/pian-traitement-evalue-par-loms,/actualites/pian-traitement-evalue-par-l-oms
/actualites/pian-traitement-simplifie,/actualites/pian-traitement-simplifie
/base-documentaire/gynecologie-obstetrique/place-de-l’echographie-dans-un-centre-de-reference,/articles/place-de-l-echographie-dans-un-centre-de-reference
/base-documentaire/traitements-vaccins/place-des-infirmiers-dans-la-pratique-des-vaccinations-en-afri,/articles/place-des-infirmiers-dans-la-pratique-des-vaccinations-en-afrique
/base-documentaire/chirurgie/plaies-des-parties-molles,/articles/plaies-des-parties-molles
/base-documentaire/actes-techniques/plaies-et-sutures,/articles/plaies-et-sutures
/actualites/plan-oms-anti-tabac,/actualites/plan-oms-anti-tabac
/base-documentaire/traitements-vaccins/planification-des-activites-de-vaccination,/articles/planification-des-activites-de-vaccination
/base-documentaire/actes-techniques/platre-humero-brachial,/articles/platre-humero-brachial
/actualites/politiques-internationales-de-sante,/actualites/politiques-internationales-de-sante
/base-documentaire/actes-techniques/ponction-lombaire-execution-et-analyse-du-lcr-0,/articles/ponction-lombaire-execution-et-analyse-du-lcr
/actualites/pour-eviter-lanemie-neonatale,/actualites/pour-eviter-l-anemie-neonatale
/base-documentaire/education-sanitaire/pourquoi-et-comment-se-laver-les-mains,/articles/pourquoi-et-comment-se-laver-les-mains
/base-documentaire/medecine/pourquoi-le-diabete-est-il-si-dangereux,/articles/pourquoi-le-diabete-est-il-si-dangereux
/base-documentaire/medecine/pourquoi-le-paludisme-est-il-parfois-si-grave,/articles/pourquoi-le-paludisme-est-il-parfois-si-grave
/base-documentaire/pourquoi-un-numero-urgences,/articles/pourquoi-un-numero-urgences
/actualites/pratique-chirurgicale,/actualites/pratique-chirurgicale
/base-documentaire/medecine/pratique-en-matiere-de-depistage-de-lhepatite-virale-c-en-republique-du-b,/articles/pratique-en-matiere-de-depistage-de-l-hepatite-virale-c-en-republique-du-benin-un-reel-besoin-de-formation-pour-les-medecins-generalistes
/base-documentaire/education-sanitaire/pre-test-sida-qcm-ptme-ed-du-201207,/articles/pre-test-sida-qcm-ptme-ed-du-20-12-07
/base-documentaire/education-sanitaire/precautions-standard-appliquer-lors-des-soins-tout-patient,/articles/precautions-standard-a-appliquer-lors-des-soins-a-tout-patient
/base-documentaire/education-sanitaire/preparation-de-la-salle-de-soins,/articles/preparation-de-la-salle-de-soins
/actualites/prescription-dantibiotiques,/actualites/prescription-d-antibiotiques
/base-documentaire/pediatrie/prescrire-chez-lenfant,/articles/prescrire-chez-l-enfant
/base-documentaire/pediatrie/prevenir-la-diarrhee-chez-les-jeunes-enfants,/articles/prevenir-la-diarrhee-chez-les-jeunes-enfants
/base-documentaire/prevention-de-la-transmission-du-vih-1-de-la-mere-lenfant-dans-les-pays-en-develop,/articles/prevention-de-la-transmission-du-vih-1-de-la-mere-a-l-enfant-dans-les-pays-en-developpement
/base-documentaire/sante-publique-prevention/prevention-des-accidents-domestiques-infantiles,/articles/prevention-des-accidents-domestiques-infantiles
/base-documentaire/pediatrie/prevention-des-infections-chez-lenfant-drepanocytaire,/articles/prevention-des-infections-chez-l-enfant-drepanocytaire
/base-documentaire/sante-publique-prevention/prevention-des-troubles-dus-la-carence-en-iode,/articles/prevention-des-troubles-dus-a-la-carence-en-iode
/base-documentaire/sante-publique-prevention/prevention-du-paludisme-par-la-lutte-antivectorielle,/articles/prevention-du-paludisme-par-la-lutte-antivectorielle
/base-documentaire/prevention-du-tetanos-0,/articles/prevention-du-tetanos
/base-documentaire/pediatrie/prevention-et-prise-en-charge-de-la-deshydratation-aigue-chez-les-enfant,/articles/prevention-et-prise-en-charge-de-la-deshydratation-aigue-chez-les-enfants-de-moins-de-5-ans-directives-au-niveau-district
/base-documentaire/pediatrie/prevention-et-traitement-des-diarrhees-aigues-du-nourrisson,/articles/prevention-et-traitement-des-diarrhees-aigues-du-nourrisson
/base-documentaire/gynecologie-obstetrique/principales-causes-de-la-prematurite,/articles/principales-causes-de-la-prematurite
/base-documentaire/sante-publique-prevention/principaux-modes-de-transmission-du-vih,/articles/principaux-modes-de-transmission-du-vih
/base-documentaire/education-sanitaire/principe-de-fonctionnement-des-comites-de-sante-dans-une-entre,/articles/principe-de-fonctionnement-des-comites-de-sante-dans-une-entreprise-miniere
/base-documentaire/pediatrie/prise-en-charge-dun-enfant-malnutri,/articles/prise-en-charge-d-un-enfant-malnutri
/base-documentaire/gynecologie-obstetrique/prise-en-charge-dune-menace-daccouchement-premature,/articles/prise-en-charge-d-une-menace-d-accouchement-premature
/base-documentaire/urgences/prise-en-charge-de-la-douleur-aigue-de-ladulte-en-urgence,/articles/prise-en-charge-de-la-douleur-aigue-de-l-adulte-en-urgence
/base-documentaire/pediatrie/prise-en-charge-de-la-douleur-chez-lenfant,/articles/prise-en-charge-de-la-douleur-chez-l-enfant
/base-documentaire/medecine/prise-en-charge-de-la-douleur-chez-les-patients-vih,/articles/prise-en-charge-de-la-douleur-chez-les-patients-vih
/base-documentaire/traitements-vaccins/prise-en-charge-de-la-douleur-des-crises-vaso-occlusives-drepa,/articles/prise-en-charge-de-la-douleur-des-crises-vaso-occlusives-drepanocytaires-traitement-des-24-premieres-heures
/base-documentaire/prise-en-charge-des-enfants-infectes-par-le-vih-en-afrique,/articles/prise-en-charge-des-enfants-infectes-par-le-vih-en-afrique
/base-documentaire/urgences/prise-en-charge-des-traumatises-craniens-les-priorites,/articles/prise-en-charge-des-traumatises-craniens-les-priorites
/base-documentaire/urgences/prise-en-charge-des-traumatismes-thoraciques,/articles/prise-en-charge-des-traumatismes-thoraciques
/base-documentaire/ophtalmo-orl-stomato/prise-en-charge-des-urgences-traumatiques-en-ophtalmologie,/articles/prise-en-charge-des-urgences-traumatiques-en-ophtalmologie
/base-documentaire/medecine/prise-en-charge-du-paludisme,/articles/prise-en-charge-du-paludisme
/base-documentaire/pediatrie/prise-en-charge-du-paludisme-chez-lenfant-en-afrique,/articles/prise-en-charge-du-paludisme-chez-l-enfant-en-afrique
/base-documentaire/medecine/prise-en-charge-du-sida-suivi-et-observance,/articles/prise-en-charge-du-sida-suivi-et-observance
/base-documentaire/urgences/prise-en-charge-initiale-du-polytraumatise-lhopital,/articles/prise-en-charge-initiale-du-polytraumatise-a-l-hopital
/base-documentaire/urgences/prise-en-charge-initiale-et-au-bloc-operatoire-dun-choc-hemorragique,/articles/prise-en-charge-initiale-et-au-bloc-operatoire-d-un-choc-hemorragique
/base-documentaire/urgences/prise-en-charge-initiale-et-au-bloc-operatoire-dun-choc-hypovolemique,/articles/prise-en-charge-initiale-et-au-bloc-operatoire-d-un-choc-hypovolemique
/base-documentaire/urgences/prise-en-charge-pre-hospitaliere-des-traumatismes-medullaires,/articles/prise-en-charge-pre-hospitaliere-des-traumatismes-medullaires
/base-documentaire/pediatrie/prise-en-charge-socio-educationnelle-de-lenfant-malentendant-en-afrique-,/articles/prise-en-charge-socio-educationnelle-de-l-enfant-malentendant-en-afrique-noire
/base-documentaire/soins-infirmiers/prise-en-soin-des-plaies-dans-le-contexte-togolais,/articles/prise-en-soin-des-plaies-dans-le-contexte-togolais
/base-documentaire/medecine/programme-de-prise-en-charge-specifique-du-pied-diabetique-au-mali,/articles/programme-de-prise-en-charge-specifique-du-pied-diabetique-au-mali
/base-documentaire/pediatrie/progres-dans-la-prise-en-charge-de-la-drepanocytose,/articles/progres-dans-la-prise-en-charge-de-la-drepanocytose
/base-documentaire/sante-publique-prevention/projet-commun-femmes-solidaires-et-karera-gamissa-de-lut,/articles/projet-commun-femmes-solidaires-et-karera-gamissa-de-lutte-contre-les-mgf-en-region-afar-d-ethiopie
/base-documentaire/sante-publique-prevention/prophylaxie-par-le-cotrimoxazole-chez-ladulte-en-afrique,/articles/prophylaxie-par-le-cotrimoxazole-chez-l-adulte-en-afrique-sub-saharienne-avantages-risques-et-conseils-pratiques
/base-documentaire/education-sanitaire/propositions-pour-le-developpement-dune-demarche-devaluation-f,/articles/propositions-pour-le-developpement-d-une-demarche-d-evaluation-formative-des-activites-d-education-therapeutique-mises-en-oeuvre-dans-le-cadre-des-programmes-d-acces-aux-antiretroviraux-de-medecins-sans-frontieres
/base-documentaire/sante-publique-prevention/proteger-la-prochaine-generation-un-projet-pilote-et-int,/articles/proteger-la-prochaine-generation-un-projet-pilote-et-integre-de-promotion-de-l-abandon-des-mutilations-sexuelles-feminines-dans-le-district-sanitaire-de-kayes
/base-documentaire/pediatrie/proteines-d’insectes-et-biscuits-fortifies-pour-les-enfants-souffrant-de,/articles/proteines-d-insectes-et-biscuits-fortifies-pour-les-enfants-souffrant-de-malnutrition-en-afrique
/base-documentaire/examens-complementaires/quand-demander-une-radiographie-pulmonaire-lorsquune-tuber,/articles/quand-demander-une-radiographie-pulmonaire-lorsqu-une-tuberculose-est-suspectee-ou-prouvee
/base-documentaire/pediatrie/quand-faut-il-transfuser-lenfant-drepanocytaire-en-afrique,/articles/quand-faut-il-transfuser-l-enfant-drepanocytaire-en-afrique
/base-documentaire/actes-techniques/quelques-elements-de-petite-chirurgie,/articles/quelques-elements-de-petite-chirurgie
/base-documentaire/actes-techniques/quelques-rappels-sur-les-injections-intramusculaires-sous-cutanee,/articles/quelques-rappels-sur-les-injections-intramusculaires-sous-cutanees-et-intradermiques
/base-documentaire/sante-publique-prevention/quels-espoirs-pour-les-femmes-et-les-enfants-vivant-avec,/articles/quels-espoirs-pour-les-femmes-et-les-enfants-vivant-avec-le-vih-dans-les-pays-du-sud
/base-documentaire/pediatrie/rachitisme-carentiel,/articles/rachitisme-carentiel
/base-documentaire/radiologie,/articles/radiologie
/base-documentaire/sante-publique-prevention/rappels-sur-la-prevention-de-la-transmission-sexuelle-du,/articles/rappels-sur-la-prevention-de-la-transmission-sexuelle-du-vih
/base-documentaire/examens-complementaires/realisation-des-biopsies-cutanees,/articles/realisation-des-biopsies-cutanees
/base-documentaire/sante-publique-prevention/recommandations-de-goree-2001,/articles/recommandations-de-goree-2001
/base-documentaire/reconnaitre-les-oeufs-dhelminthes,/articles/reconnaitre-les-oeufs-d-helminthes
/base-documentaire/examens-complementaires/reconnaitre-les-oeufs-dhelminthes-dans-les-selles,/articles/reconnaitre-les-oeufs-d-helminthes-dans-les-selles
/base-documentaire/examens-complementaires/reconnaitre-les-oeufs-de-cestodes-dans-les-selles,/articles/reconnaitre-les-oeufs-de-cestodes-dans-les-selles
/base-documentaire/examens-complementaires/reconnaitre-les-protozoaires-dans-les-selles,/articles/reconnaitre-les-protozoaires-dans-les-selles
/base-documentaire/actes-techniques/reeducation-des-cervicalgies,/articles/reeducation-des-cervicalgies
/base-documentaire/medecine/reeducation-des-lombalgies,/articles/reeducation-des-lombalgies
/base-documentaire/actes-techniques/reeducation-des-paralysies-obstetricales-du-plexus-brachial,/articles/reeducation-des-paralysies-obstetricales-du-plexus-brachial
/base-documentaire/sante-publique-prevention/references-religieuses-et-role-des-leaders-musulmans-pou,/articles/references-religieuses-et-role-des-leaders-musulmans-pour-l-abandon-de-l-excision
/base-documentaire/sante-publique-prevention/reflexions-sur-le-diabete-dans-le-monde,/articles/reflexions-sur-le-diabete-dans-le-monde
/base-documentaire/education-sanitaire/refus-de-traitement,/articles/refus-de-traitement
/base-documentaire/gynecologie-obstetrique/regard-clinique-sur-l’excision-l’experience-d’un-dispositi,/articles/regard-clinique-sur-l-excision-l-experience-d-un-dispositif-de-soins-pluridisciplinaire
/base-documentaire/relexions-sur-le-diabete-dans-le-monde,/articles/relexions-sur-le-diabete-dans-le-monde
/base-documentaire/traitements-vaccins/resistance-aux-antibiotiques,/articles/resistance-aux-antibiotiques
/base-documentaire/resume-tres-resume-de-icasa-mexico,/articles/resume-tres-resume-de-icasa-a-mexico
/base-documentaire/urgences/retention-complete-durine,/articles/retention-complete-d-urine
/base-documentaire/medecine/rhumatisme-articulaire-aigu-comment-prevenir-les-rechutes,/articles/rhumatisme-articulaire-aigu-comment-prevenir-les-rechutes
/base-documentaire/gynecologie-obstetrique/role-de-la-sage-femme-dans-le-suivi-de-la-grossesse,/articles/role-de-la-sage-femme-dans-le-suivi-de-la-grossesse
/base-documentaire/medecine/role-de-la-vitamine-effets-dune-carence-comment-y-remedier,/articles/role-de-la-vitamine-a-effets-d-une-carence-comment-y-remedier
/base-documentaire/sante-publique-prevention/sante-communautaire,/articles/sante-communautaire
/base-documentaire/urgences/sauvetage-vasculaire-des-membres-en-traumatologie,/articles/sauvetage-vasculaire-des-membres-en-traumatologie
/base-documentaire/sciatiques,/articles/sciatiques
/base-documentaire/sante-publique-prevention/securite-de-linjection-dans-le-programme-elargi-de-vacci,/articles/securite-de-l-injection-dans-le-programme-elargi-de-vaccination-a-abidjan
/base-documentaire/sante-publique-prevention/senegalthiaroye-sur-mer-apres-la-pollution-la-chape-de-p,/articles/senegal-thiaroye-sur-mer-apres-la-pollution-la-chape-de-plomb
/actualites/seringues-autobloquantes,/actualites/seringues-autobloquantes
/actualites/serodiscordance-et-desir-denfant,/actualites/serodiscordance-et-desir-d-enfant
/base-documentaire/medecine/sida-approche-symptomatique-de-la-maladie,/articles/sida-approche-symptomatique-de-la-maladie
/base-documentaire/medecine/sida-dernieres-recommandations-internationales,/articles/sida-dernieres-recommandations-internationales
/base-documentaire/medecine/sida-etat-des-lieux-de-la-maladie,/articles/sida-etat-des-lieux-de-la-maladie
/base-documentaire/sida-douleur-et-soins-continus,/articles/sida-douleur-et-soins-continus
/base-documentaire/medecine/sida-et-infection-par-le-vih,/articles/sida-et-infection-par-le-vih
/base-documentaire/sante-publique-prevention/sida-et-prevention-de-la-transmission-lors-des-soins,/articles/sida-et-prevention-de-la-transmission-lors-des-soins
/base-documentaire/pediatrie/soins-du-nouveau-ne-de-la-naissance-six-heures,/articles/soins-du-nouveau-ne-de-la-naissance-a-six-heures
/base-documentaire/solidarite-locale,/articles/solidarite-locale
/base-documentaire/actes-techniques/solutions-de-rehydratation-orale,/articles/solutions-de-rehydratation-orale
/base-documentaire/actes-techniques/sondage-vesical-indications-et-contre-indications,/articles/sondage-vesical-indications-et-contre-indications
/base-documentaire/actes-techniques/sondage-vesical-materiel-et-technique,/articles/sondage-vesical-materiel-et-technique
/actualites/sos-vaccinations,/actualites/sos-vaccinations
/base-documentaire/sovedis-aquatabs,/articles/sovedis-aquatabs
/base-documentaire/medecine/special-sida-infirmier-annexes,/articles/special-sida-infirmier-annexes
/base-documentaire/stenose-de-luretre,/articles/stenose-de-l-uretre
/base-documentaire/education-sanitaire/sterilisation,/articles/sterilisation
/base-documentaire/sante-publique-prevention/stigmatisation-discrimination-et-sida,/articles/stigmatisation-discrimination-et-sida
/base-documentaire/traitements-vaccins/strategie-therapeutique-de-la-douleur-aigue,/articles/strategie-therapeutique-de-la-douleur-aigue
/base-documentaire/traitements-vaccins/strategie-therapeutique-de-la-douleur-chronique,/articles/strategie-therapeutique-de-la-douleur-chronique
/base-documentaire/anesthesie-reanimation/strategie-transfusionnelle-peri-operatoire,/articles/strategie-transfusionnelle-peri-operatoire
/base-documentaire/medecine/strategies-de-depistage-des-hepatites-b-et-c,/articles/strategies-de-depistage-des-hepatites-b-et-c
/base-documentaire/traitements-vaccins/strategies-vaccinales-contre-lhepatite-b,/articles/strategies-vaccinales-contre-l-hepatite-b
/base-documentaire/education-sanitaire/suivi-de-lobservance-et-education-du-patient-sous-arv-en-afriq,/articles/suivi-de-l-observance-et-education-du-patient-sous-arv-en-afrique-l-experience-du-cta-de-pointe-noire
/base-documentaire/traitements-vaccins/suivi-des-effets-secondaires-des-arv,/articles/suivi-des-effets-secondaires-des-arv
/base-documentaire/suivi-simplifie-des-arv,/articles/suivi-simplifie-des-arv
/base-documentaire/education-sanitaire/supervision-suivi-et-evaluation-des-activites-de-vaccination,/articles/supervision-suivi-et-evaluation-des-activites-de-vaccination
/base-documentaire/sante-publique-prevention/surmortalite-maternelle-et-infantile-en-afrique-de-loues,/articles/surmortalite-maternelle-et-infantile-en-afrique-de-l-ouest
/base-documentaire/medecine/surveillance-clinique-et-biologique-des-hepatites-chroniques-b-et-c,/articles/surveillance-clinique-et-biologique-des-hepatites-chroniques-b-et-c
/actualites/tabagisme,/actualites/tabagisme
/base-documentaire/sante-publique-prevention/tabagisme-passif-fumeurs-ne-tuez-pas-nos-enfants,/articles/tabagisme-passif-fumeurs-ne-tuez-pas-nos-enfants
/actualites/tabagisme-passif-et-sante-mentale-des-enfants,/actualites/tabagisme-passif-et-sante-mentale-des-enfants
/base-documentaire/actes-techniques/technique-du-prelevement-veineux-intraveineux,/articles/technique-du-prelevement-veineux-intraveineux
/base-documentaire/pediatrie/techniques-de-rehydratation-chez-lenfant,/articles/techniques-de-rehydratation-chez-l-enfant
/base-documentaire/examens-complementaires/tests-biologiques-dexploration-de-lhemostase,/articles/tests-biologiques-d-exploration-de-l-hemostase
/base-documentaire/examens-complementaires/tests-de-diagnostic-rapide-en-pathologie-infectieuse-inter,/articles/tests-de-diagnostic-rapide-en-pathologie-infectieuse-interet-en-zone-tropicale
/actualites/tetanos-maternel-et-neonatal,/actualites/tetanos-maternel-et-neonatal
/base-documentaire/sante-publique-prevention/trafic-des-medicaments,/articles/trafic-des-medicaments
/base-documentaire/chirurgie/traitement-chirurgical-du-kyste-hydatique-du-foie,/articles/traitement-chirurgical-du-kyste-hydatique-du-foie
/base-documentaire/chirurgie/traitement-durgence-des-fractures-ouvertes-des-membres,/articles/traitement-d-urgence-des-fractures-ouvertes-des-membres
/base-documentaire/chirurgie/traitement-des-fractures-du-membre-inferieur-avec-grands-delabrements-de,/articles/traitement-des-fractures-du-membre-inferieur-avec-grands-delabrements-des-parties-molles
/base-documentaire/traitements-vaccins/traitement-des-hepatites-b-c-d,/articles/traitement-des-hepatites-b-c-d
/base-documentaire/medecine/traitement-des-uretrites-gonococciques,/articles/traitement-des-uretrites-gonococciques
/base-documentaire/traitements-vaccins/traitement-du-diabete,/articles/traitement-du-diabete
/base-documentaire/actes-techniques/traitement-kinesitherapique-de-lasthme,/articles/traitement-kinesitherapique-de-l-asthme
/base-documentaire/chirurgie/traitement-orthopedique-des-fractures-des-metacarpiens-et-des-phalanges,/articles/traitement-orthopedique-des-fractures-des-metacarpiens-et-des-phalanges
/base-documentaire/traitements-vaccins/traitement-standardise-de-la-tuberculose,/articles/traitement-standardise-de-la-tuberculose
/base-documentaire/traitements-vaccins/traitements-locaux-en-dermatologie,/articles/traitements-locaux-en-dermatologie
/base-documentaire/gynecologie-obstetrique/transmission-du-vih-de-la-mere-lenfant,/articles/transmission-du-vih-de-la-mere-a-l-enfant
/base-documentaire/urgences/traumatisme-de-la-rate,/articles/traumatisme-de-la-rate
/base-documentaire/chirurgie/traumatisme-de-la-troisieme-phalange-des-doigts,/articles/traumatisme-de-la-troisieme-phalange-des-doigts
/base-documentaire/chirurgie/traumatismes-graves-des-membres,/articles/traumatismes-graves-des-membres
/base-documentaire/gynecologie-obstetrique/traumatismes-obstetricaux,/articles/traumatismes-obstetricaux
/base-documentaire/medecine/treponematoses-non-ist,/articles/treponematoses-non-ist
/base-documentaire/pediatrie/trichocephalose-et-trichinellose-chez-lenfant,/articles/trichocephalose-et-trichinellose-chez-l-enfant
/base-documentaire/medecine/trypanosomiase,/articles/trypanosomiase
/base-documentaire/medecine/tuberculose,/articles/tuberculose
/actualites/tuberculose,/actualites/tuberculose
/base-documentaire/medecine/tuberculose-generalites,/articles/tuberculose-generalites
/base-documentaire/education-sanitaire/tuberculose-et-observance,/articles/tuberculose-et-observance
/base-documentaire/sante-publique-prevention/tuberculose-sida,/articles/tuberculose-sida
/base-documentaire/medecine/ulcere-de-buruli-une-pathologie-tropicale-en-expansion,/articles/ulcere-de-buruli-une-pathologie-tropicale-en-expansion
/base-documentaire/medecine/ulcere-gastrique-et-duodenal,/articles/ulcere-gastrique-et-duodenal
/base-documentaire/sante-publique-prevention/un-nouvel-elan-en-faveur-de-labandon-de-lexcision,/articles/un-nouvel-elan-en-faveur-de-l-abandon-de-l-excision
/actualites/un-partenariat-avec-la-cop-pss,/actualites/un-partenariat-avec-la-cop-pss
/base-documentaire/sante-publique-prevention/un-questionnaire-simple-pour-evaluer-un-risque-de-diabet,/articles/un-questionnaire-simple-pour-evaluer-un-risque-de-diabete
/base-documentaire/medecine/une-ectoparasitose-des-sables-chauds-la-tungose,/articles/une-ectoparasitose-des-sables-chauds-la-tungose
/actualites/une-nouvelle-arme-contre-la-bilharziose,/actualites/une-nouvelle-arme-contre-la-bilharziose
/base-documentaire/medecine/une-pathologie-emergente-la-fievre-due-au-virus-zika,/articles/une-pathologie-emergente-la-fievre-due-au-virus-zika
/base-documentaire/sante-publique-prevention/une-strategie-de-lutte-contre-le-rhumatisme-articulaire-,/articles/une-strategie-de-lutte-contre-le-rhumatisme-articulaire-aigu
/base-documentaire/sante-publique-prevention/urgence-mais-ou-est-donc-le-plan-durgence-des-urgences,/articles/urgence-mais-ou-est-donc-le-plan-d-urgence-des-urgences
/base-documentaire/ophtalmo-orl-stomato/urgence-en-oto-rhino-laryngologie,/articles/urgence-en-oto-rhino-laryngologie
/actualites/utilisation-de-linsuline,/actualites/utilisation-de-l-insuline
/base-documentaire/traitements-vaccins/utilisation-de-linsuline-en-cas-dnid,/articles/utilisation-de-l-insuline-en-cas-dnid
/actualites/utilisation-des-preservatifs,/actualites/utilisation-des-preservatifs
/actualites/vaccin-anti-amarile,/actualites/vaccin-anti-amarile
/base-documentaire/traitements-vaccins/vaccin-contre-les-meningocoques,/articles/vaccin-contre-les-meningocoques
/base-documentaire/traitements-vaccins/vaccination-contre-lhepatite-b-aspects-theoriques,/articles/vaccination-contre-l-hepatite-b-aspects-theoriques
/actualites/vaccination-et-lesions-neurologiques,/actualites/vaccination-et-lesions-neurologiques
/base-documentaire/traitements-vaccins/vaccinations-particulieres,/articles/vaccinations-particulieres
/base-documentaire/traitements-vaccins/vacciner-autour-de-la-naissance,/articles/vacciner-autour-de-la-naissance
/actualites/vaccins-encore-un-grand-progres,/actualites/vaccins-encore-un-grand-progres
/base-documentaire/pediatrie/vaccins-chez-le-drepanocytaire,/articles/vaccins-chez-le-drepanocytaire
/base-documentaire/traitements-vaccins/vaccins-contre-la-fievre-typhoide,/articles/vaccins-contre-la-fievre-typhoide
/base-documentaire/traitements-vaccins/vaccins-du-futur,/articles/vaccins-du-futur
/base-documentaire/traitements-vaccins/vaccins-egoistes-vaccins-altruistes,/articles/vaccins-egoistes-vaccins-altruistes
/base-documentaire/sante-publique-prevention/vaincre-le-paludisme-est-ce-possible,/articles/vaincre-le-paludisme-est-ce-possible
/base-documentaire/medecine/vie-et-mort-dun-globule-rouge,/articles/vie-et-mort-d-un-globule-rouge
/base-documentaire/sante-publique-prevention/vih-quelques-rappels-d’epidemiologie,/articles/vih-quelques-rappels-d-epidemiologie
/base-documentaire/vih-et-circoncision,/articles/vih-et-circoncision
/actualites/vih-et-grossesse,/actualites/vih-et-grossesse
/base-documentaire/medecine/virologie-et-immunologie-du-vih,/articles/virologie-et-immunologie-du-vih
/base-documentaire/medecine/viroses-tropicales-hors-ebola,/articles/viroses-tropicales-hors-ebola
/actualites/vitamine-d-dautres-effets,/actualites/vitamine-d-d-autres-effets
/base-documentaire/sante-publique-prevention/voies-de-transmission-de-linfection,/articles/voies-de-transmission-de-l-infection
/base-documentaire/chirurgie/volvulus-du-colon-sigmoide,/articles/volvulus-du-colon-sigmoide
/base-documentaire/pediatrie/quand-penser-la-drepanocytose-0,/articles/quand-penser-a-la-drepanocytose